cowid," parity"," current dim"," days after breeding"," repro status"," days next breeding"," gestation length"," days dry"," test DIM"," test milk"," test fat%"," test protein%"," test scc"," 305d ME milk"," test bodyweight"," future days dry"," future gestation length"," breed"," NM$"," KeepValue"
5,3,208,27,Bred,16,281,0,207,70.0,3.6,2.9,-1,23116,-1,60,280,HO,121,1171
74,9,78,5,Bred,17,281,0,77,84.0,3.0,2.7,-1,25576,-1,60,280,HO,-54,428
156,3,287,216,Preg,10,281,0,286,48.0,3.7,3.0,-1,29889,-1,60,280,HO,196,933
162,9,246,0,Open,10,-1,0,245,48.0,4.2,2.7,-1,17045,-1,60,280,HO,58,601
174,3,170,39,Bred,4,281,0,169,116.0,2.2,2.5,-1,33206,-1,60,280,HO,136,445
197,2,357,211,Preg,10,281,0,356,44.0,4.6,3.3,-1,28440,-1,60,280,HO,164,624
266,3,100,9,Bred,13,281,0,99,106.0,3.8,3.1,-1,23850,-1,60,280,HO,440,31
276,8,294,250,Preg,10,281,28,294,-1.0,-1.0,-1.0,-1,24127,-1,60,280,HO,77,93
279,7,444,244,Preg,10,281,85,444,-1.0,-1.0,-1.0,-1,30517,-1,60,280,HO,0,978
348,9,149,31,Bred,12,281,0,148,78.0,4.2,2.6,-1,23960,-1,60,280,HO,-20,120
386,3,119,47,Preg,10,281,0,118,112.0,2.4,2.5,-1,26356,-1,60,280,HO,112,300
517,2,224,106,Preg,10,281,0,223,54.0,3.4,2.8,-1,26787,-1,60,280,HO,200,913
519,7,58,0,Open,10,-1,0,57,108.0,3.6,2.9,-1,-1,-1,60,280,HO,200,735
615,2,288,194,Preg,10,281,0,287,32.0,3.5,3.4,-1,28039,-1,60,280,HO,20,281
653,2,264,222,Preg,10,281,28,264,-1.0,-1.0,-1.0,-1,23609,-1,60,280,HO,237,1074
751,7,258,100,Preg,10,281,0,257,60.0,3.4,2.9,-1,27187,-1,60,280,HO,-46,1165
777,2,70,0,Open,10,-1,0,69,100.0,2.8,2.8,-1,29406,-1,60,280,HO,93,1056
845,2,87,12,Bred,10,281,0,86,84.0,2.9,2.8,-1,24304,-1,60,280,HO,254,378
846,7,278,190,Preg,10,281,0,277,50.0,2.9,3.1,-1,26072,-1,60,280,HO,181,448
847,7,277,131,Preg,10,281,0,276,70.0,6.1,4.7,-1,27569,-1,60,280,HO,-41,217
865,6,347,155,Preg,10,281,0,346,56.0,3.1,3.3,-1,28485,-1,60,280,HO,-28,149
867,5,201,127,Preg,10,281,0,200,66.0,3.3,3.1,-1,24592,-1,60,280,HO,-33,440
1017,7,232,120,Preg,10,281,0,231,88.0,3.0,2.8,-1,31113,-1,60,280,HO,195,382
1035,1,427,0,Open,10,-1,0,426,60.0,4.4,3.3,-1,-1,-1,60,280,HO,0,882
1048,7,153,0,Open,10,-1,0,152,78.0,3.3,2.8,-1,22281,-1,60,280,HO,0,345
1058,6,294,229,Preg,10,281,7,294,-1.0,-1.0,-1.0,-1,27718,-1,60,280,HO,232,109
1163,6,297,229,Preg,10,281,7,297,-1.0,-1.0,-1.0,-1,31028,-1,60,280,HO,0,153
1233,6,309,176,Preg,10,281,0,308,38.0,3.7,3.3,-1,18906,-1,60,280,HO,-8,472
1245,6,313,242,Preg,10,281,21,313,-1.0,-1.0,-1.0,-1,27364,-1,60,280,HO,142,399
1307,6,283,118,Preg,10,281,0,282,50.0,3.0,3.0,-1,26103,-1,60,280,HO,-132,358
1311,5,297,149,Preg,10,281,0,296,60.0,4.0,3.6,-1,30084,-1,60,280,HO,166,1182
1328,5,345,145,Preg,10,281,0,344,64.0,4.6,3.1,-1,23680,-1,60,280,HO,39,970
1331,1,210,102,Preg,10,281,0,209,64.0,3.6,3.2,-1,-1,-1,60,280,HO,0,278
1344,6,293,98,Preg,10,283,0,292,46.0,3.0,3.3,-1,21727,-1,60,280,HO,0,286
1356,6,270,194,Preg,10,281,0,269,36.0,3.9,2.9,-1,17563,-1,60,280,HO,0,468
1379,5,198,41,Bred,2,281,0,197,64.0,4.3,3.1,-1,20396,-1,60,280,HO,0,880
1412,6,162,66,Preg,10,281,0,161,84.0,3.1,3.2,-1,28266,-1,60,280,HO,47,370
1416,5,422,61,Preg,10,281,0,421,84.0,4.2,3.5,-1,27326,-1,60,280,HO,30,315
1436,6,58,0,Open,10,-1,0,57,128.0,3.4,3.1,-1,-1,-1,60,280,HO,264,363
1447,5,279,180,Preg,10,281,0,278,56.0,4.1,3.9,-1,20939,-1,60,280,HO,-26,608
1464,5,518,221,Preg,10,281,0,517,60.0,3.3,3.4,-1,30950,-1,60,280,HO,25,751
1477,5,337,236,Preg,10,281,14,337,-1.0,-1.0,-1.0,-1,24521,-1,60,280,HO,-179,498
1500,6,91,19,Bred,3,281,0,90,94.0,3.8,3.0,-1,23121,-1,60,280,HO,4,483
1505,5,85,12,Bred,10,281,0,84,128.0,3.3,2.4,-1,31248,-1,60,280,HO,-19,67
1508,5,285,0,Open,10,-1,0,284,40.0,4.0,3.3,-1,29673,-1,60,280,HO,319,259
1509,5,303,0,Open,10,-1,0,302,58.0,3.6,3.4,-1,18379,-1,60,280,HO,-8,885
1520,6,25,0,Open,10,-1,0,24,92.0,1.4E-45,1.4E-45,-1,-1,-1,60,280,HO,21,388
1530,5,186,13,Bred,9,281,0,185,34.0,3.3,2.6,-1,21947,-1,60,280,HO,125,641
1542,5,300,264,Preg,10,281,42,300,-1.0,-1.0,-1.0,-1,30837,-1,60,280,HO,-48,139
1549,5,277,88,Preg,10,281,0,276,56.0,3.0,2.9,-1,32076,-1,60,280,HO,80,60
1554,5,226,0,Open,10,-1,0,225,72.0,5.1,3.5,-1,19892,-1,60,280,HO,162,828
1573,5,220,50,Open,14,-1,0,219,72.0,3.6,3.0,-1,30239,-1,60,280,HO,190,50
1611,5,310,239,Preg,10,281,28,310,-1.0,-1.0,-1.0,-1,22715,-1,60,280,HO,-5,1083
1627,5,182,18,Bred,4,281,0,181,72.0,3.7,3.0,-1,23562,-1,60,280,HO,-43,191
1644,5,243,11,Bred,11,281,0,242,60.0,3.7,3.2,-1,23247,-1,60,280,HO,51,373
1647,5,272,77,Preg,10,283,0,271,48.0,4.5,3.6,-1,21553,-1,60,280,HO,-132,938
1654,5,317,126,Preg,10,281,0,316,72.0,3.3,2.7,-1,26342,-1,60,280,HO,128,461
1662,5,287,215,Preg,10,283,0,286,22.0,3.1,3.2,-1,21439,-1,60,280,HO,117,697
1679,5,193,80,Preg,10,281,0,192,2.0,3.3,2.8,-1,32288,-1,60,280,HO,-52,1088
1694,5,8,0,Open,10,-1,0,7,94.0,1.4E-45,1.4E-45,-1,-1,-1,60,280,HO,-94,1101
1695,5,136,0,Open,10,-1,0,135,56.0,3.0,3.6,-1,16334,-1,60,280,HO,157,1181
1703,5,340,159,Preg,10,281,0,339,70.0,3.7,3.4,-1,30210,-1,60,280,HO,-17,212
1722,5,252,160,Preg,10,281,0,251,16.0,3.4,3.0,-1,18112,-1,60,280,HO,-93,23
1748,4,328,247,Preg,10,281,56,328,-1.0,-1.0,-1.0,-1,31475,-1,60,280,HO,99,1065
1756,4,413,173,Preg,10,281,0,412,32.0,5.0,4.0,-1,31518,-1,60,280,HO,438,1040
1761,4,242,166,Preg,10,281,0,241,38.0,3.8,3.6,-1,17494,-1,60,280,HO,277,54
1771,5,247,173,Preg,10,281,0,246,76.0,3.5,3.0,-1,25632,-1,60,280,HO,190,1034
1773,5,252,137,Preg,10,281,0,251,72.0,3.1,2.9,-1,27200,-1,60,280,HO,-1,766
1775,4,289,97,Preg,10,281,0,288,64.0,4.3,3.4,-1,26197,-1,60,280,HO,145,616
1786,4,166,82,Preg,10,281,0,165,112.0,2.9,2.7,-1,26837,-1,60,280,HO,52,1084
1814,5,195,53,Preg,10,281,0,194,64.0,3.8,3.2,-1,23446,-1,60,280,HO,181,79
1820,5,240,145,Preg,10,283,0,239,96.0,4.1,3.2,-1,30871,-1,60,280,HO,220,314
1852,4,340,271,Preg,10,281,56,340,-1.0,-1.0,-1.0,-1,25499,-1,60,280,HO,66,410
1858,4,330,163,Preg,10,281,0,329,80.0,4.3,3.6,-1,29131,-1,60,280,HO,54,60
1861,5,81,5,Bred,17,281,0,80,114.0,1.9,2.7,-1,-1,-1,60,280,HO,83,977
1864,5,189,0,Open,10,-1,0,188,64.0,3.7,3.2,-1,23156,-1,60,280,HO,140,1078
1872,4,250,0,Open,10,-1,0,249,86.0,3.4,2.9,-1,25138,-1,60,280,HO,104,708
1880,5,3,0,Open,10,-1,0,2,1.4E-45,1.4E-45,1.4E-45,-1,-1,-1,60,280,HO,77,582
1884,4,51,0,Open,10,-1,0,50,100.0,5.6,2.6,-1,-1,-1,60,280,HO,-25,1016
1901,4,270,222,Preg,10,281,28,270,-1.0,-1.0,-1.0,-1,21576,-1,60,280,HO,0,383
1911,5,22,0,Open,10,-1,0,21,102.0,1.4E-45,1.4E-45,-1,-1,-1,60,280,HO,0,760
1925,4,309,138,Preg,10,281,0,308,76.0,4.1,3.4,-1,28261,-1,60,280,HO,225,592
1931,5,4,0,Open,10,-1,0,3,34.0,1.4E-45,1.4E-45,-1,-1,-1,60,280,HO,156,919
1954,4,316,126,Preg,10,281,0,315,76.0,3.1,2.7,-1,27513,-1,60,280,HO,-45,498
1966,4,178,66,Preg,10,281,0,177,122.0,2.8,2.6,-1,34210,-1,60,280,HO,230,1074
1970,4,363,214,Preg,10,281,0,362,66.0,4.3,3.4,-1,32596,-1,60,280,HO,242,775
1974,4,342,27,Bred,16,281,0,341,64.0,5.2,3.7,-1,33006,-1,60,280,HO,223,1026
1975,4,309,242,Preg,10,281,28,309,-1.0,-1.0,-1.0,-1,24323,-1,60,280,HO,114,1078
1985,4,297,257,Preg,10,281,35,297,-1.0,-1.0,-1.0,-1,30306,-1,60,280,HO,270,961
1986,4,225,26,Bred,17,281,0,224,64.0,4.1,3.4,-1,22982,-1,60,280,HO,0,54
1987,5,101,26,Bred,17,281,0,100,116.0,3.5,2.7,-1,24342,-1,60,280,HO,55,967
1993,5,78,5,Bred,17,281,0,77,96.0,4.7,2.9,-1,24560,-1,60,280,HO,22,1054
1995,4,274,201,Preg,10,281,0,273,54.0,4.2,3.5,-1,29156,-1,60,280,HO,260,229
2010,4,337,247,Preg,10,281,28,337,-1.0,-1.0,-1.0,-1,33639,-1,60,280,HO,173,638
2011,4,283,208,Preg,10,281,0,282,46.0,4.3,2.9,-1,27754,-1,60,280,HO,-79,752
2020,5,9,0,Open,10,-1,0,8,80.0,1.4E-45,1.4E-45,-1,-1,-1,60,280,HO,194,378
2021,4,302,266,Preg,10,280,56,302,-1.0,-1.0,-1.0,-1,22605,-1,60,280,HO,-73,677
2027,4,272,96,Preg,10,281,0,271,72.0,3.3,3.6,-1,28307,-1,60,280,HO,185,627
2031,4,321,171,Preg,10,281,0,320,38.0,3.2,3.3,-1,29183,-1,60,280,HO,-64,384
2036,4,156,40,Bred,3,283,0,155,94.0,3.3,3.1,-1,24068,-1,60,280,HO,68,766
2040,4,300,237,Preg,10,281,28,300,-1.0,-1.0,-1.0,-1,26438,-1,60,280,HO,208,193
2057,4,47,0,Open,10,-1,0,46,120.0,3.1,3.1,-1,-1,-1,60,280,HO,23,1134
2072,4,244,173,Preg,10,283,0,243,64.0,4.3,3.6,-1,20615,-1,60,280,HO,0,627
2076,4,97,5,Bred,17,280,0,96,74.0,4.3,3.2,-1,19519,-1,60,280,HO,147,242
2080,4,174,12,Bred,10,281,0,173,80.0,3.0,3.0,-1,25620,-1,60,280,HO,79,51
2083,4,273,257,Preg,10,281,56,273,-1.0,-1.0,-1.0,-1,21210,-1,60,280,HO,235,389
2088,4,315,248,Preg,10,281,56,315,-1.0,-1.0,-1.0,-1,26830,-1,60,280,HO,174,899
2089,5,17,0,Open,10,-1,0,16,100.0,1.4E-45,1.4E-45,-1,-1,-1,60,280,HO,294,282
2090,4,295,0,Open,10,-1,0,294,72.0,4.0,3.4,-1,25534,-1,60,280,HO,21,919
2091,4,319,241,Preg,10,281,21,319,-1.0,-1.0,-1.0,-1,23589,-1,60,280,HO,151,732
2094,4,298,222,Preg,10,281,0,297,16.0,4.0,3.3,-1,20735,-1,60,280,HO,92,1107
2104,4,292,271,Preg,10,281,49,292,-1.0,-1.0,-1.0,-1,27997,-1,60,280,HO,180,920
2106,4,292,264,Preg,10,281,42,292,-1.0,-1.0,-1.0,-1,24063,-1,60,280,HO,-86,950
2108,4,277,196,Preg,10,283,0,276,72.0,4.2,3.4,-1,24153,-1,60,280,HO,395,231
2115,4,210,138,Preg,10,281,0,209,36.0,3.1,3.0,-1,20441,-1,60,280,HO,231,77
2126,4,239,166,Preg,10,281,0,238,48.0,4.0,3.2,-1,23907,-1,60,280,HO,213,839
2127,4,293,134,Preg,10,281,0,292,74.0,3.8,3.4,-1,30044,-1,60,280,HO,0,424
2132,4,158,30,Bred,13,281,0,157,88.0,2.8,2.9,-1,30592,-1,60,280,HO,0,498
2134,4,235,52,Preg,10,281,0,234,104.0,3.1,3.2,-1,26916,-1,60,280,HO,283,288
2138,4,49,0,Open,10,-1,0,48,112.0,2.5,2.9,-1,-1,-1,60,280,HO,174,213
2143,5,142,68,Preg,10,281,0,141,106.0,2.9,2.9,-1,27470,-1,60,280,HO,145,889
2144,3,259,188,Preg,10,281,0,258,56.0,4.0,2.8,-1,27309,-1,60,280,HO,280,77
2154,4,291,111,Preg,10,281,0,290,80.0,3.9,3.2,-1,25896,-1,60,280,HO,263,1145
2155,4,295,200,Preg,10,281,28,295,-1.0,-1.0,-1.0,-1,21335,-1,60,280,HO,-10,366
2159,3,384,192,Preg,10,281,28,384,-1.0,-1.0,-1.0,-1,29334,-1,60,280,HO,-109,1025
2160,4,251,180,Preg,10,281,0,250,44.0,2.7,2.8,-1,24212,-1,60,280,HO,107,814
2161,4,273,156,Preg,10,281,0,272,48.0,4.2,3.9,-1,25118,-1,60,280,HO,330,1137
2162,4,239,79,Preg,10,281,0,238,80.0,3.5,2.9,-1,25736,-1,60,280,HO,158,756
2166,4,294,166,Preg,10,281,0,293,34.0,4.5,3.5,-1,22265,-1,60,280,HO,125,752
2172,4,280,182,Preg,10,281,0,279,40.0,2.9,2.6,-1,26644,-1,60,280,HO,64,1000
2175,4,272,109,Preg,10,281,0,271,40.0,2.8,3.0,-1,21891,-1,60,280,HO,266,406
2176,4,178,103,Preg,10,283,0,177,56.0,3.6,3.1,-1,15039,-1,60,280,HO,0,907
2178,4,46,0,Open,10,-1,0,45,28.0,3.1,4.5,-1,-1,-1,60,280,HO,0,682
2179,4,187,13,Bred,9,281,0,186,80.0,4.3,3.3,-1,23644,-1,60,280,HO,338,1102
2190,4,259,92,Preg,10,281,0,258,64.0,3.5,2.9,-1,29111,-1,60,280,HO,167,148
2195,4,260,187,Preg,10,281,0,259,44.0,4.5,3.5,-1,23293,-1,60,280,HO,158,528
2207,4,257,187,Preg,10,283,0,256,76.0,3.9,2.9,-1,30454,-1,60,280,HO,243,197
2208,4,23,0,Open,10,-1,0,22,126.0,1.4E-45,1.4E-45,-1,-1,-1,60,280,HO,183,413
2209,4,274,115,Preg,10,281,0,273,1.4E-45,1.4E-45,1.4E-45,-1,27539,-1,60,280,HO,61,746
2212,4,290,215,Preg,10,281,0,289,20.0,4.1,3.3,-1,22700,-1,60,280,HO,237,534
2216,4,261,187,Preg,10,281,0,260,66.0,3.5,3.4,-1,28552,-1,60,280,HO,350,129
2220,3,296,264,Preg,10,281,42,296,-1.0,-1.0,-1.0,-1,34517,-1,60,280,HO,434,62
2222,4,124,28,Bred,15,281,0,123,70.0,5.1,3.2,-1,18267,-1,60,280,HO,263,84
2233,3,414,236,Preg,10,281,28,414,-1.0,-1.0,-1.0,-1,31695,-1,60,280,HO,181,297
2235,4,254,122,Preg,10,281,0,253,44.0,5.3,3.8,-1,22211,-1,60,280,HO,194,44
2240,4,161,41,Bred,2,281,0,160,92.0,4.0,3.3,-1,25473,-1,60,280,HO,317,914
2243,4,255,0,Open,10,-1,0,254,84.0,3.1,3.1,-1,28476,-1,60,280,HO,258,1124
2251,4,257,0,Open,10,-1,0,256,68.0,4.1,2.5,-1,25240,-1,60,280,HO,106,876
2256,4,172,96,Preg,10,281,0,171,58.0,4.8,3.0,-1,23211,-1,60,280,HO,127,166
2257,4,161,27,Bred,16,281,0,160,80.0,4.2,3.3,-1,29094,-1,60,280,HO,122,841
2259,4,245,173,Preg,10,283,0,244,56.0,4.1,3.0,-1,23132,-1,60,280,HO,205,1161
2261,4,173,9,Bred,13,283,0,172,88.0,4.2,3.4,-1,25669,-1,60,280,HO,-14,577
2272,3,188,113,Preg,10,281,0,187,84.0,3.4,3.1,-1,26466,-1,60,280,HO,318,240
2273,4,167,82,Preg,10,280,0,166,80.0,3.1,3.0,-1,24980,-1,60,280,HO,109,931
2277,4,166,82,Preg,10,281,0,165,116.0,3.7,2.9,-1,31253,-1,60,280,HO,-35,741
2284,4,241,166,Preg,10,281,0,240,64.0,3.0,3.1,-1,27464,-1,60,280,HO,258,717
2290,4,61,0,Open,10,-1,0,60,76.0,3.7,3.3,-1,-1,-1,60,280,HO,235,868
2291,4,211,143,Preg,10,283,0,210,80.0,4.0,3.1,-1,24833,-1,60,280,HO,170,96
2305,4,64,0,Open,10,-1,0,63,116.0,2.9,2.9,-1,24839,-1,60,280,HO,43,208
2312,4,155,11,Bred,11,281,0,154,96.0,3.4,3.2,-1,25842,-1,60,280,HO,362,20
2321,4,221,145,Preg,10,281,0,220,76.0,2.4,2.9,-1,22398,-1,60,280,HO,88,227
2322,3,302,0,Open,10,-1,0,301,76.0,4.4,3.4,-1,34402,-1,60,280,HO,239,411
2324,4,215,145,Preg,10,283,0,214,68.0,3.6,2.9,-1,27504,-1,60,280,HO,267,1046
2326,4,218,115,Preg,10,281,0,217,40.0,4.2,3.1,-1,24017,-1,60,280,HO,192,203
2327,4,191,117,Preg,10,281,0,190,56.0,4.2,3.3,-1,21551,-1,60,280,HO,272,855
2330,4,173,61,Preg,10,281,0,172,80.0,5.1,3.2,-1,28558,-1,60,280,HO,152,466
2332,4,51,0,Open,10,-1,0,50,116.0,3.2,2.9,-1,-1,-1,60,280,HO,127,543
2334,4,219,145,Preg,10,281,0,218,44.0,3.8,3.0,-1,18363,-1,60,280,HO,171,1065
2335,4,214,138,Preg,10,281,0,213,76.0,3.3,3.2,-1,23565,-1,60,280,HO,157,797
2336,4,199,56,Preg,10,281,0,198,12.0,3.9,3.4,-1,25188,-1,60,280,HO,-79,561
2341,3,251,180,Preg,10,283,0,250,24.0,2.7,3.2,-1,17328,-1,60,280,HO,64,85
2343,4,206,131,Preg,10,281,0,205,82.0,3.0,2.8,-1,25433,-1,60,280,HO,155,536
2345,3,365,272,Preg,10,281,49,365,-1.0,-1.0,-1.0,-1,31346,-1,60,280,HO,0,836
2346,4,110,40,Bred,3,281,0,109,76.0,2.2,2.9,-1,24543,-1,60,280,HO,114,858
2348,4,46,0,Open,10,-1,0,45,102.0,4.2,3.3,-1,-1,-1,60,280,HO,286,67
2350,4,58,0,Open,10,-1,0,57,108.0,6.3,3.2,-1,-1,-1,60,280,HO,358,284
2351,4,22,0,Open,10,-1,0,21,94.0,1.4E-45,1.4E-45,-1,-1,-1,60,280,HO,120,780
2355,3,357,277,Preg,10,281,56,357,-1.0,-1.0,-1.0,-1,34518,-1,60,280,HO,300,590
2358,4,89,19,Bred,3,281,0,88,112.0,2.6,2.7,-1,28014,-1,60,280,HO,215,1104
2361,4,156,0,Open,10,-1,0,155,64.0,5.1,3.2,-1,20071,-1,60,280,HO,95,925
2362,4,175,103,Preg,10,283,0,174,44.0,3.8,3.3,-1,18631,-1,60,280,HO,-42,1114
2363,4,100,26,Bred,17,283,0,99,92.0,3.5,3.0,-1,24976,-1,60,280,HO,88,445
2373,4,175,40,Bred,3,283,0,174,76.0,4.2,3.3,-1,21885,-1,60,280,HO,-45,1115
2392,4,157,82,Preg,10,281,0,156,52.0,4.0,3.2,-1,22519,-1,60,280,HO,128,726
2397,3,240,8,Bred,14,281,0,239,96.0,1.7,3.3,-1,30382,-1,60,280,HO,-24,1013
2398,3,322,0,Open,10,-1,0,321,80.0,2.5,3.1,-1,27390,-1,60,280,HO,254,460
2399,4,75,5,Bred,17,281,0,74,104.0,3.0,2.8,-1,24436,-1,60,280,HO,259,668
2401,3,376,262,Preg,10,281,56,376,-1.0,-1.0,-1.0,-1,31662,-1,60,280,HO,343,1173
2410,4,136,61,Preg,10,281,0,135,76.0,3.2,3.0,-1,21180,-1,60,280,HO,99,705
2411,3,319,256,Preg,10,281,56,319,-1.0,-1.0,-1.0,-1,27292,-1,60,280,HO,56,978
2413,4,76,5,Bred,17,281,0,75,92.0,2.8,2.8,-1,24878,-1,60,280,HO,110,449
2415,4,117,3,Bred,19,280,0,116,64.0,3.4,3.5,-1,22213,-1,60,280,HO,194,823
2426,3,289,237,Preg,10,281,21,289,-1.0,-1.0,-1.0,-1,29837,-1,60,280,HO,279,948
2431,4,174,23,Bred,20,281,0,173,66.8,5.0,3.4,-1,21453,-1,60,280,HO,162,760
2433,4,151,75,Preg,10,280,0,150,60.0,3.4,3.8,-1,23942,-1,60,280,HO,95,465
2434,3,347,248,Preg,10,281,28,347,-1.0,-1.0,-1.0,-1,25245,-1,60,280,HO,146,9
2437,4,40,0,Open,10,-1,0,39,106.0,4.4,3.7,-1,-1,-1,60,280,HO,91,978
2441,3,214,17,Bred,5,281,0,213,100.0,3.6,3.0,-1,32772,-1,60,280,HO,289,867
2444,4,3,0,Open,10,-1,0,2,1.4E-45,1.4E-45,1.4E-45,-1,-1,-1,60,280,HO,43,1025
2449,3,288,215,Preg,10,281,0,287,34.0,4.8,3.9,-1,27143,-1,60,280,HO,95,392
2451,3,228,54,Preg,10,281,0,227,32.0,3.1,3.3,-1,25324,-1,60,280,HO,158,131
2459,3,258,187,Preg,10,281,0,257,52.0,5.0,3.2,-1,28090,-1,60,280,HO,299,286
2463,4,152,82,Preg,10,281,0,151,100.0,3.0,3.0,-1,29445,-1,60,280,HO,-30,585
2465,4,30,0,Open,10,-1,0,29,96.0,1.4E-45,1.4E-45,-1,-1,-1,60,280,HO,-70,413
2470,3,208,24,Bred,19,281,0,207,100.0,3.0,2.9,-1,30305,-1,60,280,HO,191,1050
2474,3,304,185,Preg,10,281,28,304,-1.0,-1.0,-1.0,-1,21418,-1,60,280,HO,40,70
2481,3,360,253,Preg,10,281,35,360,-1.0,-1.0,-1.0,-1,28270,-1,60,280,HO,78,3
2482,3,375,0,Open,10,-1,0,374,40.0,3.8,2.8,-1,22425,-1,60,280,HO,49,659
2485,3,282,264,Preg,10,281,56,282,-1.0,-1.0,-1.0,-1,24559,-1,60,280,HO,124,151
2496,3,283,185,Preg,10,283,28,283,-1.0,-1.0,-1.0,-1,19248,-1,60,280,HO,74,983
2497,3,298,140,Preg,10,281,0,297,44.0,3.7,3.2,-1,25046,-1,60,280,HO,-125,765
2501,4,41,0,Open,10,-1,0,40,106.0,3.7,3.2,-1,-1,-1,60,280,HO,74,335
2503,3,298,285,Preg,10,285,63,298,-1.0,-1.0,-1.0,-1,27579,-1,60,280,HO,315,74
2507,4,67,0,Open,10,-1,0,66,110.0,4.1,2.5,-1,27629,-1,60,280,HO,111,640
2512,3,334,222,Preg,10,281,0,333,34.0,3.8,3.3,-1,26767,-1,60,280,HO,271,49
2515,3,261,166,Preg,10,281,0,260,58.0,3.7,2.9,-1,31771,-1,60,280,HO,264,64
2520,3,346,0,Open,10,-1,0,345,56.0,3.1,3.1,-1,31126,-1,60,280,HO,181,680
2521,4,35,0,Open,10,-1,0,34,92.0,5.3,4.3,-1,-1,-1,60,280,HO,201,1012
2522,3,320,110,Preg,10,281,0,319,66.0,5.0,3.4,-1,30938,-1,60,280,HO,201,467
2525,3,276,44,Bred,20,281,0,275,68.0,4.2,3.2,-1,27286,-1,60,280,HO,220,220
2526,4,63,0,Open,10,-1,0,62,82.0,4.7,3.3,-1,20921,-1,60,280,HO,9,675
2528,4,13,0,Open,10,-1,0,12,92.0,1.4E-45,1.4E-45,-1,-1,-1,60,280,HO,150,744
2530,3,352,180,Preg,10,281,28,352,-1.0,-1.0,-1.0,-1,26963,-1,60,280,HO,100,189
2531,4,13,0,Open,10,-1,0,12,88.0,1.4E-45,1.4E-45,-1,-1,-1,60,280,HO,128,49
2536,4,106,33,Bred,10,281,0,105,86.0,2.6,2.9,-1,20705,-1,60,280,HO,-136,1125
2542,3,271,57,Preg,10,281,0,270,76.0,3.4,3.5,-1,30376,-1,60,280,HO,168,576
2543,3,295,257,Preg,10,281,35,295,-1.0,-1.0,-1.0,-1,32812,-1,60,280,HO,252,215
2546,3,258,251,Preg,10,281,91,258,-1.0,-1.0,-1.0,-1,22256,-1,60,280,HO,146,860
2547,3,359,0,Open,10,-1,0,358,74.0,4.0,3.4,-1,32813,-1,60,280,HO,263,218
2550,3,242,78,Preg,10,281,0,241,84.0,3.3,3.0,-1,31526,-1,60,280,HO,211,394
2552,3,352,0,Open,10,-1,0,351,40.0,3.0,3.0,-1,31387,-1,60,280,HO,73,103
2554,3,234,159,Preg,10,281,0,233,68.0,4.5,3.4,-1,28453,-1,60,280,HO,254,1000
2558,3,205,38,Bred,5,281,0,204,76.0,4.5,3.4,-1,23731,-1,60,280,HO,10,1164
2559,4,42,0,Open,10,-1,0,41,104.0,4.2,3.4,-1,-1,-1,60,280,HO,62,48
2560,4,71,0,Open,10,-1,0,70,104.0,2.9,2.6,-1,24779,-1,60,280,HO,210,14
2562,3,350,241,Preg,10,281,28,350,-1.0,-1.0,-1.0,-1,31219,-1,60,280,HO,279,805
2563,3,327,271,Preg,10,281,56,327,-1.0,-1.0,-1.0,-1,20625,-1,60,280,HO,-81,679
2568,3,258,164,Preg,10,281,0,257,60.0,3.9,3.2,-1,24711,-1,60,280,HO,192,1103
2569,3,296,222,Preg,10,281,0,295,22.0,3.5,3.5,-1,27131,-1,60,280,HO,156,56
2570,4,297,236,Preg,10,281,14,297,-1.0,-1.0,-1.0,-1,26982,-1,60,280,HO,51,249
2575,3,371,271,Preg,10,281,49,371,-1.0,-1.0,-1.0,-1,29586,-1,60,280,HO,194,108
2576,3,252,180,Preg,10,281,0,251,36.0,3.6,2.8,-1,22558,-1,60,280,HO,156,65
2581,3,45,0,Open,10,-1,0,44,112.0,3.2,3.2,-1,-1,-1,60,280,HO,70,352
2582,3,302,207,Preg,10,281,0,301,42.0,5.0,3.9,-1,32547,-1,60,280,HO,303,845
2583,3,284,86,Preg,10,281,0,283,52.0,3.8,3.1,-1,22065,-1,60,280,HO,53,204
2584,3,408,207,Preg,10,281,0,407,42.0,4.1,3.2,-1,29858,-1,60,280,HO,97,14
2586,3,308,0,Open,10,-1,0,307,40.0,4.9,3.5,-1,26746,-1,60,280,HO,263,434
2587,3,275,0,Open,10,-1,0,274,48.0,2.9,2.7,-1,21188,-1,60,280,HO,14,849
2592,4,43,0,Open,10,-1,0,42,60.0,1.4E-45,1.4E-45,-1,-1,-1,60,280,HO,258,151
2596,3,229,16,Bred,6,281,0,228,80.0,3.2,3.0,-1,34048,-1,60,280,HO,140,116
2599,4,8,0,Open,10,-1,0,7,80.0,1.4E-45,1.4E-45,-1,-1,-1,60,280,HO,274,954
2600,3,171,64,Preg,10,281,0,170,96.0,2.8,2.9,-1,29442,-1,60,280,HO,328,53
2601,3,318,200,Preg,10,281,0,317,28.0,3.7,3.2,-1,29410,-1,60,280,HO,157,734
2605,3,294,243,Preg,10,281,21,294,-1.0,-1.0,-1.0,-1,31268,-1,60,280,HO,149,403
2606,3,345,215,Preg,10,281,28,345,-1.0,-1.0,-1.0,-1,20360,-1,60,280,HO,127,565
2608,3,144,68,Preg,10,281,0,143,100.0,3.3,2.8,-1,26274,-1,60,280,HO,235,238
2609,3,292,264,Preg,10,281,42,292,-1.0,-1.0,-1.0,-1,28459,-1,60,280,HO,200,347
2610,3,276,159,Preg,10,281,0,275,56.0,5.4,3.9,-1,27251,-1,60,280,HO,159,422
2611,3,285,144,Preg,10,281,0,284,48.0,4.1,3.4,-1,26413,-1,60,280,HO,176,833
2614,3,306,180,Preg,10,281,0,305,12.0,4.0,3.2,-1,18851,-1,60,280,HO,319,1075
2617,4,42,0,Open,10,-1,0,41,104.0,4.4,3.2,-1,-1,-1,60,280,HO,142,547
2618,3,302,173,Preg,10,281,0,301,48.0,4.3,3.3,-1,21481,-1,60,280,HO,46,355
2619,3,318,139,Preg,10,281,0,317,32.0,3.6,3.3,-1,23921,-1,60,280,HO,148,644
2623,3,325,184,Preg,10,281,0,324,40.0,3.6,3.0,-1,28803,-1,60,280,HO,-4,1110
2625,3,248,247,Preg,10,264,91,248,-1.0,-1.0,-1.0,-1,19781,-1,60,280,HO,98,410
2627,4,43,0,Open,10,-1,0,42,92.0,4.4,3.4,-1,-1,-1,60,280,HO,106,1170
2630,3,273,0,Open,10,-1,0,272,44.0,4.1,3.4,-1,25978,-1,60,280,HO,199,294
2632,3,228,152,Preg,10,281,0,227,88.0,3.4,3.4,-1,32099,-1,60,280,HO,51,834
2639,3,259,64,Preg,10,281,0,258,76.0,3.7,3.2,-1,27371,-1,60,280,HO,288,221
2643,3,244,173,Preg,10,281,0,243,52.0,4.7,3.8,-1,22438,-1,60,280,HO,147,1183
2648,3,190,94,Preg,10,281,0,189,86.0,3.9,3.0,-1,26424,-1,60,280,HO,234,216
2651,3,216,7,Bred,15,281,0,215,100.0,4.3,2.9,-1,30055,-1,60,280,HO,176,527
2653,2,363,136,Preg,10,281,0,362,68.0,4.0,3.2,-1,31353,-1,60,280,HO,74,513
2654,3,366,180,Preg,10,281,0,365,28.0,4.1,3.1,-1,28990,-1,60,280,HO,208,1189
2656,3,297,243,Preg,10,281,21,297,-1.0,-1.0,-1.0,-1,30802,-1,60,280,HO,227,918
2657,2,357,191,Preg,10,281,0,356,52.0,3.7,3.4,-1,38409,-1,60,280,HO,202,1080
2658,3,9,0,Open,10,-1,0,8,1.4E-45,1.4E-45,1.4E-45,-1,-1,-1,60,280,HO,104,1002
2661,3,270,194,Preg,10,281,0,269,40.0,3.1,2.7,-1,29669,-1,60,280,HO,-46,560
2662,3,295,271,Preg,10,281,49,295,-1.0,-1.0,-1.0,-1,26296,-1,60,280,HO,156,971
2663,3,255,208,Preg,10,280,28,255,-1.0,-1.0,-1.0,-1,17318,-1,60,280,HO,-56,714
2666,2,388,0,Open,10,-1,0,387,50.0,3.8,3.1,-1,24893,-1,60,280,HO,-2,66
2667,3,212,58,Preg,10,281,0,211,76.0,4.6,3.3,-1,25038,-1,60,280,HO,-14,481
2668,3,298,257,Preg,10,283,35,298,-1.0,-1.0,-1.0,-1,29150,-1,60,280,HO,126,645
2671,3,270,222,Preg,10,281,28,270,-1.0,-1.0,-1.0,-1,19753,-1,60,280,HO,97,130
2672,3,294,250,Preg,10,283,28,294,-1.0,-1.0,-1.0,-1,30173,-1,60,280,HO,128,451
2673,3,283,208,Preg,10,281,0,282,36.0,3.6,3.2,-1,19166,-1,60,280,HO,266,728
2674,3,183,19,Bred,3,281,0,182,132.0,2.5,2.7,-1,31401,-1,60,280,HO,169,250
2675,3,294,250,Preg,10,280,28,294,-1.0,-1.0,-1.0,-1,16179,-1,60,280,HO,156,834
2677,3,260,187,Preg,10,281,0,259,68.0,3.1,3.1,-1,33221,-1,60,280,HO,144,784
2678,3,298,257,Preg,10,281,35,298,-1.0,-1.0,-1.0,-1,30127,-1,60,280,HO,117,331
2679,3,291,222,Preg,10,281,28,291,-1.0,-1.0,-1.0,-1,21720,-1,60,280,HO,2,883
2683,3,295,179,Preg,10,281,0,294,40.0,2.8,3.1,-1,29177,-1,60,280,HO,193,767
2686,3,229,58,Preg,10,281,0,228,28.0,3.0,2.9,-1,18735,-1,60,280,HO,-24,967
2687,3,291,243,Preg,10,280,28,291,-1.0,-1.0,-1.0,-1,17083,-1,60,280,HO,81,644
2689,3,193,3,Bred,19,281,0,192,72.0,3.1,2.7,-1,23519,-1,60,280,HO,123,49
2690,3,265,52,Preg,10,281,0,264,80.0,3.9,3.2,-1,30131,-1,60,280,HO,273,417
2693,2,411,0,Open,10,-1,0,410,40.0,4.7,3.8,-1,36761,-1,60,280,HO,302,935
2695,3,329,0,Open,10,-1,0,328,36.0,4.9,3.4,-1,28347,-1,60,280,HO,176,247
2697,3,295,229,Preg,10,281,7,295,-1.0,-1.0,-1.0,-1,31112,-1,60,280,HO,285,1051
2699,3,231,159,Preg,10,281,0,230,86.0,4.3,3.1,-1,33524,-1,60,280,HO,286,754
2701,3,227,152,Preg,10,281,0,226,64.0,3.6,2.9,-1,27601,-1,60,280,HO,146,1142
2702,3,117,48,Preg,10,281,0,116,112.0,3.2,2.9,-1,27799,-1,60,280,HO,-30,292
2703,3,211,15,Bred,7,281,0,210,86.0,3.3,2.8,-1,27057,-1,60,280,HO,-14,959
2707,3,289,243,Preg,10,281,28,289,-1.0,-1.0,-1.0,-1,29160,-1,60,280,HO,298,371
2715,3,115,40,Bred,3,281,0,114,108.0,2.8,2.7,-1,31313,-1,60,280,HO,31,512
2716,3,292,229,Preg,10,281,7,292,-1.0,-1.0,-1.0,-1,27404,-1,60,280,HO,193,865
2717,3,188,117,Preg,10,281,0,187,100.0,3.0,3.0,-1,31138,-1,60,280,HO,0,359
2719,3,210,138,Preg,10,281,0,209,96.0,2.7,2.9,-1,28804,-1,60,280,HO,129,223
2720,3,258,187,Preg,10,281,0,257,82.0,4.1,2.6,-1,33113,-1,60,280,HO,263,719
2721,3,292,222,Preg,10,281,0,291,38.0,3.0,3.1,-1,27705,-1,60,280,HO,229,417
2725,3,293,222,Preg,10,281,0,292,44.0,4.3,3.5,-1,29265,-1,60,280,HO,57,1104
2731,3,126,5,Bred,17,281,0,125,88.0,2.9,2.5,-1,25177,-1,60,280,HO,111,423
2732,3,293,236,Preg,10,281,14,293,-1.0,-1.0,-1.0,-1,30543,-1,60,280,HO,380,978
2733,3,214,135,Preg,10,281,0,213,60.0,3.5,3.1,-1,24597,-1,60,280,HO,171,127
2734,3,214,119,Preg,10,281,0,213,60.0,2.7,3.4,-1,28790,-1,60,280,HO,135,777
2735,3,264,222,Preg,10,281,28,264,-1.0,-1.0,-1.0,-1,15853,-1,60,280,HO,74,108
2739,3,302,207,Preg,10,281,0,301,58.0,4.4,3.5,-1,29553,-1,60,280,HO,312,766
2740,3,259,187,Preg,10,281,0,258,58.0,3.6,3.3,-1,26548,-1,60,280,HO,247,1046
2745,3,291,0,Open,10,-1,0,290,56.0,3.2,3.3,-1,30446,-1,60,280,HO,180,176
2746,3,173,103,Preg,10,281,0,172,80.0,3.2,2.9,-1,24585,-1,60,280,HO,69,389
2750,3,283,184,Preg,10,281,0,282,68.0,3.8,3.2,-1,30907,-1,60,280,HO,169,1164
2751,3,237,166,Preg,10,281,0,236,92.0,4.3,3.1,-1,30249,-1,60,280,HO,149,603
2752,3,189,30,Bred,13,281,0,188,66.0,3.1,3.1,-1,22406,-1,60,280,HO,9,1084
2755,3,273,201,Preg,10,281,0,272,58.0,3.6,3.1,-1,28767,-1,60,280,HO,216,989
2756,3,225,74,Preg,10,281,0,224,80.0,3.8,3.2,-1,27005,-1,60,280,HO,244,297
2758,3,273,201,Preg,10,281,0,272,46.0,3.0,3.0,-1,27075,-1,60,280,HO,94,1183
2762,3,227,129,Preg,10,281,0,226,76.0,3.8,3.1,-1,31322,-1,60,280,HO,257,753
2763,3,260,166,Preg,10,281,0,259,60.0,3.5,2.8,-1,28601,-1,60,280,HO,183,471
2765,3,268,71,Preg,10,281,0,267,72.0,3.7,3.3,-1,25769,-1,60,280,HO,233,88
2767,3,270,194,Preg,10,281,0,269,20.0,3.2,3.1,-1,21585,-1,60,280,HO,0,769
2774,3,184,89,Preg,10,281,0,183,76.0,2.5,2.8,-1,25013,-1,60,280,HO,36,46
2775,3,181,38,Bred,5,283,0,180,92.0,3.1,2.9,-1,30813,-1,60,280,HO,173,1048
2777,3,160,33,Bred,10,281,0,159,100.0,3.0,2.8,-1,28618,-1,60,280,HO,54,704
2780,3,263,187,Preg,10,283,0,262,48.0,3.8,3.2,-1,25473,-1,60,280,HO,114,841
2782,2,384,230,Preg,10,281,28,384,-1.0,-1.0,-1.0,-1,31595,-1,60,280,HO,309,224
2790,2,451,279,Preg,10,281,63,451,-1.0,-1.0,-1.0,-1,33710,-1,60,280,HO,263,881
2791,2,318,282,Preg,10,282,63,318,-1.0,-1.0,-1.0,-1,25799,-1,60,280,HO,32,269
2795,3,237,24,Bred,19,281,0,236,88.0,3.0,3.4,-1,30774,-1,60,280,HO,235,647
2799,3,108,33,Bred,10,281,0,107,100.0,2.9,2.8,-1,26359,-1,60,280,HO,39,943
2800,3,296,222,Preg,10,281,0,295,2.0,3.3,3.6,-1,28196,-1,60,280,HO,0,592
2880,3,237,166,Preg,10,281,0,236,108.0,3.0,2.8,-1,32604,-1,60,280,HO,208,254
2911,4,100,27,Bred,16,281,0,99,80.0,4.4,3.1,-1,14319,-1,60,280,HO,59,297
2922,3,39,0,Open,10,-1,0,38,108.0,3.6,3.3,-1,-1,-1,60,280,HO,156,1047
2966,4,47,0,Open,10,-1,0,46,90.0,3.0,3.1,-1,-1,-1,60,280,HO,-47,743
3001,3,248,173,Preg,10,281,0,247,24.0,3.8,3.2,-1,17040,-1,60,280,HO,121,175
3002,3,174,10,Bred,12,281,0,173,118.0,3.5,3.0,-1,31479,-1,60,280,HO,322,509
3006,3,221,145,Preg,10,281,0,220,64.0,3.4,2.9,-1,23208,-1,60,280,HO,163,900
3007,3,208,0,Open,10,-1,0,207,70.0,4.0,3.4,-1,26864,-1,60,280,HO,223,398
3009,3,208,138,Preg,10,281,0,207,78.0,3.3,2.9,-1,28003,-1,60,280,HO,67,468
3010,3,257,95,Preg,10,283,0,256,36.0,4.5,3.4,-1,16266,-1,60,280,HO,35,382
3011,3,238,142,Preg,10,281,0,237,12.0,3.6,3.1,-1,19406,-1,60,280,HO,180,1088
3012,3,94,19,Bred,3,281,0,93,112.0,2.9,2.8,-1,26466,-1,60,280,HO,160,206
3015,3,186,66,Preg,10,281,0,185,40.0,4.3,4.0,-1,21889,-1,60,280,HO,127,49
3018,3,41,0,Open,10,-1,0,40,122.0,4.7,3.4,-1,-1,-1,60,280,HO,333,562
3019,3,243,104,Preg,10,281,0,242,80.0,3.5,3.3,-1,27868,-1,60,280,HO,259,1153
3020,3,220,82,Preg,10,281,0,219,68.0,4.2,3.4,-1,28671,-1,60,280,HO,207,252
3023,3,186,110,Preg,10,281,0,185,56.0,4.8,3.2,-1,25594,-1,60,280,HO,188,718
3024,3,188,117,Preg,10,280,0,187,60.0,3.8,3.3,-1,17641,-1,60,280,HO,132,1171
3025,3,213,138,Preg,10,281,0,212,52.0,4.7,3.1,-1,25905,-1,60,280,HO,120,45
3028,3,219,103,Preg,10,281,0,218,92.0,4.0,3.3,-1,27839,-1,60,280,HO,175,471
3029,3,191,117,Preg,10,281,0,190,76.0,3.0,3.0,-1,28289,-1,60,280,HO,150,14
3030,3,238,166,Preg,10,281,0,237,92.0,2.9,3.1,-1,29672,-1,60,280,HO,245,1180
3034,3,163,89,Preg,10,281,0,162,68.0,3.1,3.1,-1,23462,-1,60,280,HO,259,1006
3035,3,101,26,Bred,17,281,0,100,110.0,3.3,3.1,-1,27894,-1,60,280,HO,0,528
3037,3,86,12,Bred,10,281,0,85,84.0,3.5,2.8,-1,21463,-1,60,280,HO,0,239
3039,3,160,89,Preg,10,281,0,159,92.0,2.9,3.0,-1,28629,-1,60,280,HO,133,1191
3042,3,208,30,Bred,13,281,0,207,56.0,1.8,3.2,-1,22218,-1,60,280,HO,149,1190
3043,3,140,34,Bred,9,281,0,139,98.0,2.6,2.9,-1,26215,-1,60,280,HO,169,1054
3045,3,193,117,Preg,10,281,0,192,76.0,4.0,3.2,-1,29453,-1,60,280,HO,279,912
3047,3,184,110,Preg,10,281,0,183,88.0,2.1,2.9,-1,26755,-1,60,280,HO,-98,1196
3049,2,179,4,Bred,18,283,0,178,124.0,3.7,2.8,-1,29237,-1,60,280,HO,136,161
3050,3,18,0,Open,10,-1,0,17,76.0,1.4E-45,1.4E-45,-1,-1,-1,60,280,HO,90,1062
3054,3,184,89,Preg,10,281,0,183,100.0,3.6,2.9,-1,31248,-1,60,280,HO,163,1027
3056,2,322,40,Bred,3,281,0,321,78.0,4.0,3.2,-1,33746,-1,60,280,HO,0,625
3058,3,154,83,Preg,10,281,0,153,108.0,3.1,2.8,-1,30433,-1,60,280,HO,0,295
3059,3,106,7,Bred,15,281,0,105,64.0,6.3,2.7,-1,14252,-1,60,280,HO,-2,7
3060,3,195,124,Preg,10,281,0,194,72.0,3.3,2.8,-1,21878,-1,60,280,HO,201,583
3063,3,82,12,Bred,10,281,0,81,120.0,3.9,2.6,-1,28656,-1,60,280,HO,205,60
3064,3,132,40,Bred,3,281,0,131,106.0,2.1,2.9,-1,27078,-1,60,280,HO,274,647
3065,3,198,119,Preg,10,281,0,197,76.0,4.1,3.2,-1,24951,-1,60,280,HO,106,631
3067,3,187,117,Preg,10,281,0,186,72.0,3.0,3.2,-1,22768,-1,60,280,HO,82,554
3068,3,115,40,Bred,3,281,0,114,104.0,3.4,3.0,-1,27102,-1,60,280,HO,148,907
3070,3,107,10,Bred,12,281,0,106,100.0,2.2,3.2,-1,24154,-1,60,280,HO,369,619
3071,3,150,75,Preg,10,281,0,149,112.0,3.1,2.9,-1,30663,-1,60,280,HO,137,235
3072,3,209,82,Preg,10,281,0,208,72.0,2.8,2.9,-1,24845,-1,60,280,HO,22,319
3077,3,73,0,Open,10,-1,0,72,76.0,3.7,3.1,-1,21985,-1,60,280,HO,0,976
3078,3,70,0,Open,10,-1,0,69,106.0,3.2,2.9,-1,25905,-1,60,280,HO,297,134
3085,3,41,0,Open,10,-1,0,40,112.0,3.9,3.1,-1,-1,-1,60,280,HO,116,460
3086,3,179,40,Bred,3,281,0,178,60.0,3.1,2.9,-1,22253,-1,60,280,HO,0,510
3089,2,334,12,Bred,10,281,0,333,72.0,3.0,3.3,-1,37115,-1,60,280,HO,-26,750
3090,4,174,78,Preg,10,281,0,173,68.0,3.2,3.2,-1,27129,-1,60,280,HO,167,872
3093,3,153,16,Bred,6,281,0,152,100.0,3.2,3.0,-1,27985,-1,60,280,HO,230,755
3095,3,98,26,Bred,17,281,0,97,84.0,2.7,2.7,-1,22651,-1,60,280,HO,233,759
3097,3,66,0,Open,10,-1,0,65,90.0,4.4,2.7,-1,25741,-1,60,280,HO,100,280
3098,3,141,16,Bred,6,283,0,140,92.0,3.5,2.9,-1,26041,-1,60,280,HO,-19,985
3101,2,369,169,Preg,10,281,0,368,20.0,3.8,3.6,-1,29599,-1,60,280,HO,67,168
3103,3,140,47,Preg,10,281,0,139,84.0,4.0,3.2,-1,26759,-1,60,280,HO,231,872
3107,3,76,5,Bred,17,281,0,75,104.0,3.1,2.8,-1,27695,-1,60,280,HO,109,518
3108,3,164,6,Bred,16,283,0,163,48.0,3.1,3.5,-1,16941,-1,60,280,HO,51,601
3111,2,346,224,Preg,10,281,7,346,-1.0,-1.0,-1.0,-1,32957,-1,60,280,HO,-113,221
3114,2,351,238,Preg,10,281,21,351,-1.0,-1.0,-1.0,-1,31906,-1,60,280,HO,417,930
3116,3,87,12,Bred,10,281,0,86,104.0,3.4,2.8,-1,28142,-1,60,280,HO,159,549
3117,3,144,29,Bred,14,281,0,143,96.0,3.3,2.9,-1,26901,-1,60,280,HO,138,51
3118,3,109,33,Bred,10,281,0,108,92.0,3.5,2.8,-1,25837,-1,60,280,HO,0,136
3120,2,289,243,Preg,10,281,28,289,-1.0,-1.0,-1.0,-1,25366,-1,60,280,HO,359,551
3121,3,4,0,Open,10,-1,0,3,56.0,1.4E-45,1.4E-45,-1,-1,-1,60,280,HO,256,796
3125,3,12,0,Open,10,-1,0,11,92.0,1.4E-45,1.4E-45,-1,-1,-1,60,280,HO,300,137
3128,3,34,0,Open,10,-1,0,33,97.8,1.4E-45,1.4E-45,-1,-1,-1,60,280,HO,157,478
3135,3,82,12,Bred,10,281,0,81,136.0,3.7,2.5,-1,30268,-1,60,280,HO,166,230
3136,3,79,5,Bred,17,281,0,78,118.0,2.7,2.9,-1,27421,-1,60,280,HO,0,244
3138,3,121,47,Preg,10,281,0,120,92.0,3.3,3.1,-1,25267,-1,60,280,HO,74,879
3139,3,16,0,Open,10,-1,0,15,88.0,1.4E-45,1.4E-45,-1,-1,-1,60,280,HO,277,759
3141,3,84,12,Bred,10,281,0,83,96.0,3.7,2.6,-1,27642,-1,60,280,HO,131,994
3145,3,67,0,Open,10,-1,0,66,130.0,3.4,2.6,-1,27450,-1,60,280,HO,147,940
3147,3,32,0,Open,10,-1,0,31,104.0,1.4E-45,1.4E-45,-1,-1,-1,60,280,HO,125,113
3151,2,303,166,Preg,10,281,0,302,54.0,4.3,3.8,-1,28099,-1,60,280,HO,184,738
3152,3,24,0,Open,10,-1,0,23,108.0,1.4E-45,1.4E-45,-1,-1,-1,60,280,HO,-93,189
3155,3,99,27,Bred,16,281,0,98,92.0,3.4,3.0,-1,23514,-1,60,280,HO,112,392
3161,3,48,0,Open,10,-1,0,47,124.0,4.3,2.6,-1,-1,-1,60,280,HO,233,290
3162,2,289,203,Preg,10,281,0,288,64.0,3.3,2.9,-1,30688,-1,60,280,HO,104,812
3165,3,27,0,Open,10,-1,0,26,104.0,1.4E-45,1.4E-45,-1,-1,-1,60,280,HO,166,883
3168,3,264,194,Preg,10,281,0,263,48.0,4.6,3.2,-1,23891,-1,60,280,HO,270,907
3170,2,421,0,Open,10,-1,0,420,32.0,3.6,3.2,-1,31753,-1,60,280,HO,83,852
3171,2,319,264,Preg,10,281,42,319,-1.0,-1.0,-1.0,-1,27084,-1,60,280,HO,169,157
3174,3,12,0,Open,10,-1,0,11,96.0,1.4E-45,1.4E-45,-1,-1,-1,60,280,HO,149,1136
3175,3,65,0,Open,10,-1,0,64,108.0,3.4,3.2,-1,27891,-1,60,280,HO,207,133
3176,3,58,0,Open,10,-1,0,57,108.0,3.4,3.0,-1,-1,-1,60,280,HO,173,508
3177,2,314,261,Preg,10,281,119,314,-1.0,-1.0,-1.0,-1,26749,-1,60,280,HO,348,932
3179,2,363,219,Preg,10,281,56,363,-1.0,-1.0,-1.0,-1,32834,-1,60,280,HO,345,149
3180,2,317,257,Preg,10,281,35,317,-1.0,-1.0,-1.0,-1,29144,-1,60,280,HO,169,275
3181,2,334,208,Preg,10,281,0,333,40.0,4.9,3.4,-1,27443,-1,60,280,HO,171,136
3183,3,58,0,Open,10,-1,0,57,76.0,3.7,3.5,-1,-1,-1,60,280,HO,178,507
3187,2,169,8,Bred,14,281,0,168,88.0,3.5,2.9,-1,29355,-1,60,280,HO,135,973
3189,2,318,285,Preg,10,285,63,318,-1.0,-1.0,-1.0,-1,30291,-1,60,280,HO,75,848
3190,2,407,0,Open,10,-1,0,406,64.0,4.4,3.7,-1,37147,-1,60,280,HO,436,947
3191,3,4,0,Open,10,-1,0,3,32.0,1.4E-45,1.4E-45,-1,-1,-1,60,280,HO,-122,62
3193,2,378,247,Preg,10,281,28,378,-1.0,-1.0,-1.0,-1,31097,-1,60,280,HO,119,926
3196,2,313,261,Preg,10,281,42,313,-1.0,-1.0,-1.0,-1,38694,-1,60,280,HO,250,112
3197,2,326,118,Preg,10,281,0,325,1.4E-45,1.4E-45,1.4E-45,-1,23732,-1,60,280,HO,68,957
3198,3,59,0,Open,10,-1,0,58,88.0,4.0,3.1,-1,-1,-1,60,280,HO,150,135
3199,3,46,0,Open,10,-1,0,45,64.0,3.5,3.3,-1,-1,-1,60,280,HO,271,1024
3201,2,341,0,Open,10,-1,0,340,68.0,3.9,3.7,-1,31006,-1,60,280,HO,199,72
3202,3,28,0,Open,10,-1,0,27,120.0,1.4E-45,1.4E-45,-1,-1,-1,60,280,HO,404,1195
3205,3,9,0,Open,10,-1,0,8,112.0,1.4E-45,1.4E-45,-1,-1,-1,60,280,HO,222,121
3206,3,20,0,Open,10,-1,0,19,96.0,1.4E-45,1.4E-45,-1,-1,-1,60,280,HO,0,341
3209,2,298,28,Bred,15,281,0,297,74.0,4.0,3.5,-1,31068,-1,60,280,HO,195,429
3210,3,59,0,Open,10,-1,0,58,80.0,3.6,3.1,-1,-1,-1,60,280,HO,16,236
3211,2,301,144,Preg,10,281,0,300,36.0,4.5,3.1,-1,29563,-1,60,280,HO,136,248
3213,2,401,221,Preg,10,281,0,400,6.0,3.6,3.1,-1,38886,-1,60,280,HO,261,1000
3214,2,221,145,Preg,10,281,0,220,28.0,4.8,3.6,-1,19982,-1,60,280,HO,86,502
3215,2,333,0,Open,10,-1,0,332,48.0,4.7,3.7,-1,27618,-1,60,280,HO,455,625
3218,2,292,271,Preg,10,281,49,292,-1.0,-1.0,-1.0,-1,24474,-1,60,280,HO,99,810
3219,3,35,0,Open,10,-1,0,34,108.0,2.5,4.4,-1,-1,-1,60,280,HO,8,4
3220,2,310,132,Preg,10,281,0,309,1.4E-45,1.4E-45,1.4E-45,-1,29671,-1,60,280,HO,180,375
3221,2,326,199,Preg,10,281,28,326,-1.0,-1.0,-1.0,-1,28085,-1,60,280,HO,209,766
3223,2,380,239,Preg,10,281,21,380,-1.0,-1.0,-1.0,-1,35988,-1,60,280,HO,252,767
3224,2,340,120,Preg,10,281,0,339,76.0,3.8,3.4,-1,31092,-1,60,280,HO,194,806
3226,3,34,0,Open,10,-1,0,33,88.0,3.5,4.2,-1,-1,-1,60,280,HO,0,1104
3227,3,13,0,Open,10,-1,0,12,100.0,1.4E-45,1.4E-45,-1,-1,-1,60,280,HO,188,178
3228,2,357,206,Preg,10,281,28,357,-1.0,-1.0,-1.0,-1,25024,-1,60,280,HO,62,798
3230,3,22,0,Open,10,-1,0,21,96.0,1.4E-45,1.4E-45,-1,-1,-1,60,280,HO,103,894
3232,2,286,251,Preg,10,281,35,286,-1.0,-1.0,-1.0,-1,28459,-1,60,280,HO,319,469
3233,2,314,162,Preg,10,281,0,313,50.0,3.9,3.3,-1,28993,-1,60,280,HO,187,267
3234,2,314,269,Preg,10,281,49,314,-1.0,-1.0,-1.0,-1,26299,-1,60,280,HO,120,136
3236,2,257,12,Bred,10,281,0,256,78.0,3.6,3.4,-1,31291,-1,60,280,HO,193,497
3237,2,288,115,Preg,10,281,0,287,64.0,3.6,3.1,-1,32034,-1,60,280,HO,58,383
3238,3,3,0,Open,10,-1,0,2,1.4E-45,1.4E-45,1.4E-45,-1,-1,-1,60,280,HO,271,1106
3240,2,343,202,Preg,10,281,0,342,36.0,4.4,3.6,-1,31101,-1,60,280,HO,283,1169
3241,3,3,0,Open,10,-1,0,2,1.4E-45,1.4E-45,1.4E-45,-1,-1,-1,60,280,HO,153,690
3243,2,297,264,Preg,10,280,42,297,-1.0,-1.0,-1.0,-1,26055,-1,60,280,HO,52,1055
3245,3,36,0,Open,10,-1,0,35,88.0,5.2,4.1,-1,-1,-1,60,280,HO,0,398
3246,2,272,150,Preg,10,281,0,271,44.0,4.2,3.1,-1,19422,-1,60,280,HO,331,592
3250,3,55,0,Open,10,-1,0,54,80.0,3.3,3.2,-1,-1,-1,60,280,HO,22,728
3253,2,357,167,Preg,10,281,0,356,52.0,3.6,3.6,-1,32108,-1,60,280,HO,342,43
3255,3,31,0,Open,10,-1,0,30,100.0,1.4E-45,1.4E-45,-1,-1,-1,60,280,HO,140,474
3256,3,20,0,Open,10,-1,0,19,108.0,1.4E-45,1.4E-45,-1,-1,-1,60,280,HO,92,1177
3257,2,316,235,Preg,10,281,14,316,-1.0,-1.0,-1.0,-1,32982,-1,60,280,HO,165,832
3258,3,24,0,Open,10,-1,0,23,116.0,1.4E-45,1.4E-45,-1,-1,-1,60,280,HO,177,941
3259,2,316,136,Preg,10,281,0,315,44.0,3.8,3.0,-1,28331,-1,60,280,HO,157,1051
3264,2,274,19,Bred,3,281,0,273,70.0,3.0,2.9,-1,28461,-1,60,280,HO,60,617
3265,3,22,0,Open,10,-1,0,21,102.0,1.4E-45,1.4E-45,-1,-1,-1,60,280,HO,326,1172
3267,2,293,259,Preg,10,283,56,293,-1.0,-1.0,-1.0,-1,22749,-1,60,280,HO,72,458
3268,2,357,166,Preg,10,281,0,356,48.0,3.7,3.0,-1,33020,-1,60,280,HO,168,721
3272,3,27,0,Open,10,-1,0,26,108.0,1.4E-45,1.4E-45,-1,-1,-1,60,280,HO,105,758
3280,2,295,229,Preg,10,281,7,295,-1.0,-1.0,-1.0,-1,27998,-1,60,280,HO,281,105
3283,2,310,174,Preg,10,283,0,309,34.0,4.7,3.0,-1,24235,-1,60,280,HO,127,568
3285,2,216,145,Preg,10,281,0,215,86.0,3.1,3.2,-1,28064,-1,60,280,HO,154,1166
3286,2,295,271,Preg,10,283,49,295,-1.0,-1.0,-1.0,-1,20285,-1,60,280,HO,262,449
3287,2,293,222,Preg,10,281,0,292,40.0,4.3,3.4,-1,30986,-1,60,280,HO,234,793
3289,2,308,243,Preg,10,281,28,308,-1.0,-1.0,-1.0,-1,22815,-1,60,280,HO,218,425
3290,2,238,31,Bred,12,281,0,237,68.0,3.7,3.1,-1,25675,-1,60,280,HO,190,1166
3292,2,279,32,Bred,11,281,0,278,1.4E-45,1.4E-45,1.4E-45,-1,29562,-1,60,280,HO,150,712
3294,2,282,264,Preg,10,280,56,282,-1.0,-1.0,-1.0,-1,18814,-1,60,280,HO,231,655
3295,2,286,207,Preg,10,281,0,285,68.0,5.1,3.3,-1,24485,-1,60,280,HO,182,1193
3297,2,298,257,Preg,10,281,35,298,-1.0,-1.0,-1.0,-1,26580,-1,60,280,HO,324,1017
3298,2,306,218,Preg,10,281,0,305,36.0,3.9,3.4,-1,26628,-1,60,280,HO,0,560
3303,2,285,243,Preg,10,281,28,285,-1.0,-1.0,-1.0,-1,26324,-1,60,280,HO,218,362
3304,2,303,238,Preg,10,281,28,303,-1.0,-1.0,-1.0,-1,25572,-1,60,280,HO,60,337
3306,2,251,180,Preg,10,281,0,250,50.0,3.4,3.4,-1,23603,-1,60,280,HO,234,888
3307,2,329,185,Preg,10,281,0,328,52.0,2.9,3.1,-1,30123,-1,60,280,HO,267,1039
3308,2,240,166,Preg,10,281,0,239,36.0,4.0,3.4,-1,27146,-1,60,280,HO,263,797
3311,2,289,0,Open,10,-1,0,288,36.0,3.9,3.5,-1,25534,-1,60,280,HO,225,1146
3314,2,303,213,Preg,10,281,28,303,-1.0,-1.0,-1.0,-1,25927,-1,60,280,HO,220,587
3315,2,212,108,Preg,10,281,0,211,68.0,3.9,3.1,-1,29399,-1,60,280,HO,291,664
3316,2,296,236,Preg,10,281,14,296,-1.0,-1.0,-1.0,-1,29618,-1,60,280,HO,382,554
3317,2,252,180,Preg,10,281,0,251,48.0,3.9,3.2,-1,25097,-1,60,280,HO,347,1048
3318,2,325,178,Preg,10,283,0,324,36.0,4.4,3.5,-1,20985,-1,60,280,HO,221,142
3319,2,304,166,Preg,10,281,0,303,52.0,3.1,3.6,-1,26298,-1,60,280,HO,259,1168
3320,2,191,31,Bred,12,281,0,190,86.0,3.1,2.9,-1,29963,-1,60,280,HO,340,1192
3322,2,257,215,Preg,10,281,28,257,-1.0,-1.0,-1.0,-1,21617,-1,60,280,HO,152,420
3323,2,302,213,Preg,10,281,28,302,-1.0,-1.0,-1.0,-1,23125,-1,60,280,HO,28,398
3324,2,252,180,Preg,10,281,0,251,44.0,4.1,3.3,-1,21809,-1,60,280,HO,78,787
3325,2,293,243,Preg,10,281,21,293,-1.0,-1.0,-1.0,-1,25745,-1,60,280,HO,96,973
3326,2,223,24,Bred,19,281,0,222,64.0,3.6,3.2,-1,25680,-1,60,280,HO,0,310
3327,2,249,174,Preg,10,280,0,248,26.0,5.0,3.7,-1,19912,-1,60,280,HO,260,477
3328,2,291,121,Preg,10,281,0,290,48.0,3.3,3.1,-1,25614,-1,60,280,HO,187,814
3329,2,204,91,Preg,10,281,0,203,68.0,3.4,3.2,-1,27692,-1,60,280,HO,190,1060
3331,2,228,152,Preg,10,281,0,227,64.0,3.5,3.4,-1,28349,-1,60,280,HO,231,376
3332,2,294,222,Preg,10,281,0,293,44.0,3.8,3.2,-1,27663,-1,60,280,HO,426,405
3334,2,241,43,Bred,0,281,0,240,84.0,2.7,3.2,-1,33471,-1,60,280,HO,275,610
3335,2,261,187,Preg,10,281,0,260,32.0,4.0,3.2,-1,20566,-1,60,280,HO,0,412
3336,2,261,160,Preg,10,281,0,260,52.0,3.0,3.1,-1,26424,-1,60,280,HO,84,438
3338,2,254,11,Bred,11,281,0,253,66.0,3.7,3.4,-1,28440,-1,60,280,HO,267,588
3339,2,292,200,Preg,10,281,0,291,48.0,3.4,3.0,-1,31911,-1,60,280,HO,90,30
3340,2,283,236,Preg,10,281,28,283,-1.0,-1.0,-1.0,-1,19858,-1,60,280,HO,138,512
3342,2,284,213,Preg,10,281,28,284,-1.0,-1.0,-1.0,-1,21045,-1,60,280,HO,0,237
3344,2,283,236,Preg,10,281,28,283,-1.0,-1.0,-1.0,-1,22808,-1,60,280,HO,269,477
3346,2,268,194,Preg,10,283,0,267,36.0,3.8,3.8,-1,24218,-1,60,280,HO,206,687
3347,2,291,116,Preg,10,281,0,290,32.0,2.4,3.4,-1,22959,-1,60,280,HO,71,809
3348,2,283,0,Open,10,-1,0,282,1.4E-45,1.4E-45,1.4E-45,-1,27078,-1,60,280,HO,250,618
3351,2,293,236,Preg,10,281,14,293,-1.0,-1.0,-1.0,-1,31039,-1,60,280,HO,340,1061
3354,2,259,243,Preg,10,281,56,259,-1.0,-1.0,-1.0,-1,15529,-1,60,280,HO,33,916
3355,2,296,243,Preg,10,281,21,296,-1.0,-1.0,-1.0,-1,25752,-1,60,280,HO,149,626
3358,2,250,95,Preg,10,281,0,249,56.0,4.1,3.4,-1,25258,-1,60,280,HO,160,685
3359,2,271,175,Preg,10,281,0,270,26.0,3.5,2.8,-1,23975,-1,60,280,HO,272,585
3360,2,251,96,Preg,10,281,0,250,94.0,3.3,3.1,-1,31743,-1,60,280,HO,308,822
3361,2,246,173,Preg,10,281,0,245,68.0,4.0,3.0,-1,25818,-1,60,280,HO,336,833
3362,2,283,236,Preg,10,281,28,283,-1.0,-1.0,-1.0,-1,20617,-1,60,280,HO,217,520
3363,2,300,203,Preg,10,281,0,299,48.0,3.9,3.5,-1,31510,-1,60,280,HO,221,192
3364,2,300,208,Preg,10,281,0,299,52.0,4.0,3.3,-1,25381,-1,60,280,HO,383,929
3365,2,306,121,Preg,10,281,0,305,32.0,4.0,3.6,-1,27807,-1,60,280,HO,243,472
3366,2,264,94,Preg,10,281,0,263,48.0,4.0,3.3,-1,26336,-1,60,280,HO,234,665
3368,2,303,206,Preg,10,281,0,302,34.0,4.0,3.3,-1,23868,-1,60,280,HO,241,823
3369,2,176,67,Preg,10,281,0,175,84.0,3.3,3.2,-1,25840,-1,60,280,HO,159,377
3372,2,298,229,Preg,10,281,7,298,-1.0,-1.0,-1.0,-1,24776,-1,60,280,HO,102,709
3374,2,196,73,Preg,10,281,0,195,68.0,4.1,3.3,-1,24115,-1,60,280,HO,315,1129
3375,2,297,229,Preg,10,281,7,297,-1.0,-1.0,-1.0,-1,29834,-1,60,280,HO,0,1046
3377,2,291,172,Preg,10,281,28,291,-1.0,-1.0,-1.0,-1,26245,-1,60,280,HO,0,226
3378,2,242,167,Preg,10,281,0,241,64.0,3.6,3.2,-1,27088,-1,60,280,HO,136,718
3379,2,287,193,Preg,10,281,0,286,68.0,4.2,3.1,-1,29945,-1,60,280,HO,184,1183
3380,2,251,236,Preg,10,281,56,251,-1.0,-1.0,-1.0,-1,18550,-1,60,280,HO,0,20
3381,2,191,99,Preg,10,281,0,190,60.0,5.2,3.5,-1,21533,-1,60,280,HO,107,157
3383,2,240,166,Preg,10,281,0,239,52.0,4.4,2.9,-1,23698,-1,60,280,HO,184,773
3384,2,242,80,Preg,10,281,0,241,36.0,5.2,3.8,-1,22126,-1,60,280,HO,165,1126
3386,2,244,147,Preg,10,280,0,243,56.0,4.2,3.8,-1,27119,-1,60,280,HO,453,457
3388,2,91,19,Bred,3,281,0,90,104.0,3.2,2.7,-1,27517,-1,60,280,HO,452,373
3389,2,270,194,Preg,10,281,0,269,44.0,4.6,3.6,-1,28059,-1,60,280,HO,448,377
3390,2,291,194,Preg,10,281,0,290,68.0,3.7,3.1,-1,31694,-1,60,280,HO,171,773
3391,2,295,229,Preg,10,281,7,295,-1.0,-1.0,-1.0,-1,29638,-1,60,280,HO,545,920
3393,2,277,47,Preg,10,281,0,276,44.0,4.2,3.2,-1,26476,-1,60,280,HO,212,77
3394,2,305,166,Preg,10,281,0,304,32.0,3.8,3.0,-1,22859,-1,60,280,HO,199,393
3395,2,288,232,Preg,10,281,14,288,-1.0,-1.0,-1.0,-1,24467,-1,60,280,HO,521,128
3396,2,169,26,Bred,17,281,0,168,28.0,4.2,3.2,-1,15996,-1,60,280,HO,83,726
3397,2,270,222,Preg,10,281,28,270,-1.0,-1.0,-1.0,-1,22668,-1,60,280,HO,225,8
3398,2,280,236,Preg,10,283,28,280,-1.0,-1.0,-1.0,-1,20455,-1,60,280,HO,127,143
3400,2,297,222,Preg,10,281,0,296,46.0,3.3,3.2,-1,27126,-1,60,280,HO,191,811
3401,2,293,201,Preg,10,281,0,292,48.0,3.9,3.4,-1,25718,-1,60,280,HO,216,382
3404,2,291,215,Preg,10,281,0,290,46.0,3.6,3.5,-1,33056,-1,60,280,HO,301,981
3405,2,257,243,Preg,10,280,56,257,-1.0,-1.0,-1.0,-1,21258,-1,60,280,HO,142,680
3406,2,286,215,Preg,10,281,0,285,28.0,4.2,3.4,-1,26547,-1,60,280,HO,248,934
3408,2,281,208,Preg,10,281,0,280,52.0,3.6,3.4,-1,27010,-1,60,280,HO,174,652
3410,2,196,30,Bred,13,281,0,195,86.0,5.3,2.9,-1,27253,-1,60,280,HO,209,690
3412,2,225,152,Preg,10,281,0,224,64.0,3.6,2.9,-1,29526,-1,60,280,HO,140,203
3413,2,274,145,Preg,10,281,0,273,44.0,3.5,3.2,-1,24113,-1,60,280,HO,185,486
3414,2,269,194,Preg,10,283,0,268,32.0,4.7,3.5,-1,18650,-1,60,280,HO,281,371
3416,2,192,58,Preg,10,281,0,191,60.0,3.8,3.0,-1,25078,-1,60,280,HO,186,478
3417,2,164,89,Preg,10,281,0,163,80.0,4.3,3.2,-1,24477,-1,60,280,HO,169,217
3418,2,53,0,Open,10,-1,0,52,74.0,3.7,2.6,-1,-1,-1,60,280,HO,439,846
3419,2,258,45,Preg,10,281,0,257,72.0,3.6,3.1,-1,28460,-1,60,280,HO,0,799
3420,2,142,5,Bred,17,283,0,141,86.0,4.3,2.9,-1,24523,-1,60,280,HO,163,479
3421,2,252,180,Preg,10,281,0,251,44.0,3.5,3.2,-1,26662,-1,60,280,HO,340,620
3422,2,252,180,Preg,10,281,0,251,28.0,4.6,3.1,-1,18254,-1,60,280,HO,190,262
3423,2,252,90,Preg,10,281,0,251,52.0,4.3,3.2,-1,22093,-1,60,280,HO,169,643
3424,2,197,124,Preg,10,281,0,196,76.0,3.2,3.2,-1,31471,-1,60,280,HO,344,636
3425,2,252,180,Preg,10,281,0,251,52.0,4.5,3.3,-1,29807,-1,60,280,HO,199,653
3426,2,241,166,Preg,10,281,0,240,76.0,3.6,3.3,-1,31113,-1,60,280,HO,233,282
3427,2,91,19,Bred,3,281,0,90,106.0,3.2,2.8,-1,26909,-1,60,280,HO,151,488
3428,2,171,41,Bred,2,281,0,170,108.0,3.0,2.9,-1,30843,-1,60,280,HO,328,546
3429,2,227,0,Open,10,-1,0,226,70.0,4.2,3.3,-1,27863,-1,60,280,HO,245,117
3430,2,231,41,Bred,2,281,0,230,68.0,3.5,3.0,-1,26926,-1,60,280,HO,88,1053
3431,2,235,143,Preg,10,281,0,234,66.0,3.9,3.4,-1,30204,-1,60,280,HO,186,77
3432,2,238,166,Preg,10,281,0,237,32.0,4.0,3.2,-1,25026,-1,60,280,HO,204,466
3434,2,192,92,Preg,10,281,0,191,76.0,3.5,3.1,-1,27241,-1,60,280,HO,137,481
3435,2,221,145,Preg,10,283,0,220,58.0,4.3,3.8,-1,22622,-1,60,280,HO,448,10
3436,2,227,142,Preg,10,281,0,226,80.0,3.3,3.3,-1,28877,-1,60,280,HO,471,810
3438,2,206,131,Preg,10,281,0,205,48.0,3.8,3.1,-1,22890,-1,60,280,HO,82,255
3439,2,95,19,Bred,3,281,0,94,140.0,3.3,2.7,-1,31293,-1,60,280,HO,202,860
3441,2,228,152,Preg,10,281,0,227,88.0,3.6,2.9,-1,31637,-1,60,280,HO,121,471
3443,2,55,0,Open,10,-1,0,54,96.0,3.7,2.8,-1,-1,-1,60,280,HO,163,563
3445,2,191,121,Preg,10,281,0,190,84.0,3.3,2.9,-1,29311,-1,60,280,HO,130,124
3447,2,199,124,Preg,10,281,0,198,100.0,2.9,2.8,-1,38006,-1,60,280,HO,271,258
3448,2,241,166,Preg,10,281,0,240,48.0,4.8,3.5,-1,21625,-1,60,280,HO,368,1025
3449,2,124,7,Bred,15,281,0,123,32.0,4.7,3.0,-1,25628,-1,60,280,HO,175,7
3451,2,234,79,Preg,10,281,0,233,36.0,3.0,2.8,-1,21672,-1,60,280,HO,185,345
3452,2,226,152,Preg,10,281,0,225,74.0,4.1,3.3,-1,31630,-1,60,280,HO,321,101
3453,2,225,99,Preg,10,281,0,224,74.0,3.4,3.1,-1,26392,-1,60,280,HO,196,54
3454,2,189,89,Preg,10,281,0,188,43.6,4.2,3.6,-1,22669,-1,60,280,HO,239,621
3455,2,182,39,Bred,4,281,0,181,96.0,4.2,3.2,-1,27651,-1,60,280,HO,190,213
3456,2,224,131,Preg,10,281,0,223,46.0,3.5,3.3,-1,22203,-1,60,280,HO,-80,983
3457,2,77,5,Bred,17,281,0,76,94.0,3.9,3.0,-1,24800,-1,60,280,HO,217,7
3458,2,89,19,Bred,3,281,0,88,130.0,3.3,2.7,-1,31155,-1,60,280,HO,240,811
3460,2,214,72,Preg,10,281,0,213,64.0,3.7,3.4,-1,28295,-1,60,280,HO,242,376
3461,2,221,146,Preg,10,281,0,220,52.0,3.7,3.5,-1,22721,-1,60,280,HO,288,1176
3462,2,197,52,Preg,10,281,0,196,84.0,2.9,3.1,-1,29453,-1,60,280,HO,204,278
3465,2,144,22,Bred,0,281,0,143,104.0,3.6,3.2,-1,29630,-1,60,280,HO,426,744
3466,2,180,89,Preg,10,281,0,179,68.0,3.6,3.4,-1,25287,-1,60,280,HO,183,427
3468,2,134,14,Bred,8,281,0,133,68.0,5.3,3.4,-1,20154,-1,60,280,HO,161,391
3469,2,196,37,Bred,6,281,0,195,74.0,3.9,3.3,-1,31185,-1,60,280,HO,356,480
3471,2,184,88,Preg,10,281,0,183,72.0,3.4,2.9,-1,26644,-1,60,280,HO,28,644
3472,2,79,5,Bred,17,283,0,78,90.0,3.3,3.0,-1,26575,-1,60,280,HO,423,194
3473,2,186,110,Preg,10,283,0,185,80.0,2.5,3.0,-1,26037,-1,60,280,HO,258,311
3474,2,159,24,Bred,19,283,0,158,80.0,4.0,3.6,-1,26120,-1,60,280,HO,430,514
3475,2,185,83,Preg,10,281,0,184,64.0,3.7,3.0,-1,22638,-1,60,280,HO,136,1043
3476,2,135,38,Bred,5,281,0,134,86.0,3.4,2.9,-1,25740,-1,60,280,HO,311,322
3477,2,67,0,Open,10,-1,0,66,112.0,2.9,3.0,-1,29061,-1,60,280,HO,333,282
3478,2,181,110,Preg,10,281,0,180,88.0,2.1,3.3,-1,26809,-1,60,280,HO,101,681
3479,2,188,117,Preg,10,281,0,187,76.0,2.6,3.3,-1,27097,-1,60,280,HO,203,182
3480,2,138,22,Bred,0,280,0,137,72.0,5.2,3.6,-1,24353,-1,60,280,HO,242,915
3482,2,120,47,Preg,10,281,0,119,112.0,3.3,2.9,-1,29791,-1,60,280,HO,-44,680
3483,2,174,11,Bred,11,281,0,173,64.0,2.5,3.1,-1,25119,-1,60,280,HO,87,1085
3484,2,173,94,Preg,10,281,0,172,66.0,2.9,3.2,-1,25251,-1,60,280,HO,113,207
3485,2,164,66,Preg,10,281,0,163,92.0,3.4,3.1,-1,30662,-1,60,280,HO,330,633
3486,2,175,103,Preg,10,281,0,174,76.0,3.4,3.1,-1,28581,-1,60,280,HO,259,287
3487,2,88,12,Bred,10,281,0,87,106.0,3.2,2.9,-1,30192,-1,60,280,HO,276,90
3490,2,144,10,Bred,12,281,0,143,84.0,2.4,2.9,-1,31873,-1,60,280,HO,124,265
3492,2,167,27,Bred,16,283,0,166,28.0,4.7,3.9,-1,18899,-1,60,280,HO,524,1022
3493,2,157,58,Preg,10,281,0,156,68.0,3.3,3.0,-1,25743,-1,60,280,HO,81,966
3494,2,169,82,Preg,10,281,0,168,56.0,2.9,3.4,-1,23408,-1,60,280,HO,229,1077
3495,2,22,0,Open,10,-1,0,21,92.0,1.4E-45,1.4E-45,-1,-1,-1,60,280,HO,228,886
3496,2,168,7,Bred,15,281,0,167,68.0,3.4,3.0,-1,19871,-1,60,280,HO,225,195
3497,2,162,45,Preg,10,281,0,161,68.0,4.7,3.8,-1,23833,-1,60,280,HO,153,652
3498,2,154,11,Bred,11,283,0,153,80.0,2.7,3.0,-1,26978,-1,60,280,HO,199,241
3501,2,111,40,Bred,3,281,0,110,106.0,2.6,2.8,-1,29654,-1,60,280,HO,172,446
3502,2,157,82,Preg,10,281,0,156,64.0,4.0,3.6,-1,21660,-1,60,280,HO,233,306
3505,2,161,89,Preg,10,281,0,160,84.0,3.2,2.9,-1,25604,-1,60,280,HO,271,780
3506,2,153,48,Preg,10,281,0,152,92.0,2.6,3.3,-1,26884,-1,60,280,HO,463,510
3507,2,151,75,Preg,10,281,0,150,92.0,3.4,2.9,-1,30397,-1,60,280,HO,207,737
3508,2,146,32,Bred,11,281,0,145,80.0,3.3,3.7,-1,23863,-1,60,280,HO,229,642
3511,1,494,189,Preg,10,281,0,493,30.0,4.6,3.4,-1,28828,-1,60,280,HO,-26,780
3513,2,135,25,Bred,18,281,0,134,90.0,3.0,3.0,-1,26903,-1,60,280,HO,173,566
3514,2,144,5,Bred,17,283,0,143,70.0,4.1,2.9,-1,26021,-1,60,280,HO,97,896
3516,2,118,48,Preg,10,281,0,117,100.0,2.9,2.9,-1,28444,-1,60,280,HO,164,989
3517,2,95,19,Bred,3,281,0,94,100.0,3.8,2.9,-1,25978,-1,60,280,HO,198,559
3519,2,129,54,Preg,10,281,0,128,92.0,3.6,3.2,-1,28147,-1,60,280,HO,216,182
3521,2,139,4,Bred,18,283,0,138,78.0,3.8,3.0,-1,25855,-1,60,280,HO,529,309
3523,2,135,61,Preg,10,280,0,134,64.0,4.3,3.5,-1,19053,-1,60,280,HO,286,554
3524,2,116,43,Bred,0,281,0,115,56.0,2.6,3.0,-1,22525,-1,60,280,HO,275,404
3527,2,82,12,Bred,10,281,0,81,64.0,3.8,2.7,-1,22537,-1,60,280,HO,124,1042
3529,2,39,0,Open,10,-1,0,38,120.0,3.4,3.5,-1,-1,-1,60,280,HO,130,226
3530,1,481,215,Preg,10,281,0,480,24.0,3.6,3.7,-1,25736,-1,60,280,HO,199,278
3534,1,451,249,Preg,10,281,28,451,-1.0,-1.0,-1.0,-1,29301,-1,60,280,HO,360,1034
3535,2,91,19,Bred,3,281,0,90,108.0,3.6,3.0,-1,25111,-1,60,280,HO,143,194
3536,2,125,54,Preg,10,280,0,124,70.0,4.7,3.4,-1,23246,-1,60,280,HO,398,1122
3537,2,3,0,Open,10,-1,0,2,1.4E-45,1.4E-45,1.4E-45,-1,-1,-1,60,280,HO,143,16
3539,2,105,33,Bred,10,281,0,104,108.0,2.6,2.5,-1,29284,-1,60,280,HO,241,473
3541,2,130,12,Bred,10,281,0,129,72.0,3.8,3.2,-1,23350,-1,60,280,HO,231,1029
3542,2,127,55,Preg,10,281,0,126,76.0,4.2,3.1,-1,27184,-1,60,280,HO,185,198
3543,2,128,54,Preg,10,281,0,127,96.0,3.4,3.0,-1,30071,-1,60,280,HO,339,854
3545,2,129,20,Bred,2,281,0,128,84.0,2.9,2.8,-1,30317,-1,60,280,HO,274,1051
3546,1,473,0,Open,10,-1,0,472,36.0,3.8,3.5,-1,26390,-1,60,280,HO,217,599
3547,2,126,54,Preg,10,281,0,125,80.0,3.5,3.2,-1,25532,-1,60,280,HO,282,942
3548,2,112,40,Bred,3,281,0,111,1.4E-45,1.4E-45,1.4E-45,-1,23099,-1,60,280,HO,243,1112
3549,2,43,0,Open,10,-1,0,42,96.0,3.9,3.5,-1,-1,-1,60,280,HO,193,989
3550,2,127,54,Preg,10,280,0,126,72.0,5.2,3.6,-1,24181,-1,60,280,HO,262,384
3551,2,121,7,Bred,15,281,0,120,80.0,4.1,2.8,-1,28563,-1,60,280,HO,194,1000
3553,2,125,54,Preg,10,281,0,124,94.0,3.7,3.2,-1,25328,-1,60,280,HO,239,468
3554,1,412,269,Preg,10,281,56,412,-1.0,-1.0,-1.0,-1,26293,-1,60,280,HO,307,855
3555,2,31,0,Open,10,-1,0,30,78.0,1.4E-45,1.4E-45,-1,-1,-1,60,280,HO,205,826
3556,2,114,17,Bred,5,281,0,113,88.0,3.6,3.0,-1,26020,-1,60,280,HO,307,995
3558,1,466,0,Open,10,-1,0,465,56.0,4.4,3.3,-1,31198,-1,60,280,HO,380,157
3559,2,115,25,Bred,18,281,0,114,80.0,3.6,3.1,-1,24447,-1,60,280,HO,149,40
3560,2,64,0,Open,10,-1,0,63,104.0,4.2,3.0,-1,26152,-1,60,280,HO,218,151
3561,1,437,241,Preg,10,281,28,437,-1.0,-1.0,-1.0,-1,26860,-1,60,280,HO,151,667
3562,2,53,0,Open,10,-1,0,52,108.0,2.9,3.2,-1,-1,-1,60,280,HO,205,59
3564,2,97,26,Bred,17,281,0,96,102.0,3.6,3.0,-1,28761,-1,60,280,HO,229,354
3565,2,96,26,Bred,17,281,0,95,60.0,3.3,3.1,-1,24099,-1,60,280,HO,169,916
3566,2,42,0,Open,10,-1,0,41,114.0,5.0,3.1,-1,-1,-1,60,280,HO,179,1097
3567,2,59,0,Open,10,-1,0,58,110.0,3.6,2.7,-1,-1,-1,60,280,HO,282,884
3568,2,89,19,Bred,3,281,0,88,84.0,3.3,3.0,-1,25670,-1,60,280,HO,200,479
3569,2,36,0,Open,10,-1,0,35,100.0,3.8,3.6,-1,-1,-1,60,280,HO,105,217
3570,1,402,274,Preg,10,281,56,402,-1.0,-1.0,-1.0,-1,28955,-1,60,280,HO,333,649
3572,2,45,0,Open,10,-1,0,44,96.0,2.8,3.1,-1,-1,-1,60,280,HO,321,557
3573,1,413,263,Preg,10,281,42,413,-1.0,-1.0,-1.0,-1,27210,-1,60,280,HO,115,625
3575,2,37,0,Open,10,-1,0,36,96.0,4.5,4.0,-1,-1,-1,60,280,HO,263,996
3577,2,68,0,Open,10,-1,0,67,92.0,3.7,2.7,-1,27473,-1,60,280,HO,152,704
3579,2,38,0,Open,10,-1,0,37,108.0,4.8,3.9,-1,-1,-1,60,280,HO,248,136
3580,2,97,26,Bred,17,283,0,96,76.0,4.0,2.8,-1,24162,-1,60,280,HO,226,58
3581,2,68,0,Open,10,-1,0,67,84.0,2.1,2.8,-1,24216,-1,60,280,HO,312,828
3582,2,53,0,Open,10,-1,0,52,96.0,4.6,2.6,-1,-1,-1,60,280,HO,186,767
3583,2,88,12,Bred,10,281,0,87,100.0,3.0,2.9,-1,29092,-1,60,280,HO,218,522
3584,2,91,19,Bred,3,281,0,90,100.0,3.9,3.1,-1,22007,-1,60,280,HO,182,8
3585,2,94,19,Bred,3,281,0,93,72.0,3.3,2.9,-1,28675,-1,60,280,HO,112,445
3586,2,94,19,Bred,3,281,0,93,100.0,3.8,3.0,-1,30455,-1,60,280,HO,255,1140
3587,1,390,266,Preg,10,281,49,390,-1.0,-1.0,-1.0,-1,28994,-1,60,280,HO,317,65
3588,2,40,0,Open,10,-1,0,39,110.0,5.7,3.9,-1,-1,-1,60,280,HO,341,374
3591,2,91,19,Bred,3,281,0,90,80.0,2.8,3.1,-1,22811,-1,60,280,HO,189,858
3593,2,97,26,Bred,17,281,0,96,94.0,2.5,3.0,-1,23058,-1,60,280,HO,151,260
3594,2,3,0,Open,10,-1,0,2,1.4E-45,1.4E-45,1.4E-45,-1,-1,-1,60,280,HO,197,883
3595,2,5,0,Open,10,-1,0,4,44.0,1.4E-45,1.4E-45,-1,-1,-1,60,280,HO,231,1061
3596,2,19,0,Open,10,-1,0,18,124.0,1.4E-45,1.4E-45,-1,-1,-1,60,280,HO,254,125
3597,2,20,0,Open,10,-1,0,19,96.0,1.4E-45,1.4E-45,-1,-1,-1,60,280,HO,174,1198
3598,2,84,12,Bred,10,281,0,83,1.4E-45,1.4E-45,1.4E-45,-1,18184,-1,60,280,HO,180,924
3599,2,92,19,Bred,3,281,0,91,76.0,3.1,2.6,-1,28729,-1,60,280,HO,117,1124
3600,2,21,0,Open,10,-1,0,20,48.0,1.4E-45,1.4E-45,-1,-1,-1,60,280,HO,423,362
3601,2,37,0,Open,10,-1,0,36,114.0,4.1,3.5,-1,-1,-1,60,280,HO,284,235
3602,2,21,0,Open,10,-1,0,20,88.0,1.4E-45,1.4E-45,-1,-1,-1,60,280,HO,77,670
3603,2,78,5,Bred,17,281,0,77,102.0,3.4,2.7,-1,28098,-1,60,280,HO,120,313
3604,2,50,0,Open,10,-1,0,49,98.0,3.5,3.1,-1,-1,-1,60,280,HO,170,475
3605,2,92,8,Bred,14,281,0,91,84.0,3.6,3.3,-1,27060,-1,60,280,HO,288,978
3606,2,89,19,Bred,3,281,0,88,114.0,3.9,3.0,-1,31254,-1,60,280,HO,420,640
3607,2,86,12,Bred,10,281,0,85,64.0,5.1,3.0,-1,21694,-1,60,280,HO,203,127
3608,1,433,119,Preg,10,281,0,432,40.0,4.7,3.7,-1,26540,-1,60,280,HO,0,406
3609,1,405,249,Preg,10,281,28,405,-1.0,-1.0,-1.0,-1,30140,-1,60,280,HO,194,858
3611,2,58,0,Open,10,-1,0,57,100.0,3.8,2.9,-1,-1,-1,60,280,HO,290,707
3612,2,88,12,Bred,10,281,0,87,80.0,3.3,3.0,-1,24296,-1,60,280,HO,236,1020
3613,1,432,165,Preg,10,281,0,431,40.0,4.1,3.5,-1,26167,-1,60,280,HO,256,1081
3614,2,51,0,Open,10,-1,0,50,90.0,4.5,3.4,-1,-1,-1,60,280,HO,317,356
3615,2,80,5,Bred,17,281,0,79,88.0,3.5,2.8,-1,26918,-1,60,280,HO,253,1048
3616,2,21,0,Open,10,-1,0,20,106.0,1.4E-45,1.4E-45,-1,-1,-1,60,280,HO,290,341
3617,2,52,0,Open,10,-1,0,51,84.0,2.6,3.3,-1,-1,-1,60,280,HO,268,955
3618,2,65,0,Open,10,-1,0,64,76.0,4.6,3.4,-1,23740,-1,60,280,HO,291,945
3620,2,72,0,Open,10,-1,0,71,94.0,4.5,3.1,-1,27392,-1,60,280,HO,173,217
3621,2,78,5,Bred,17,281,0,77,84.0,2.6,3.1,-1,23651,-1,60,280,HO,123,535
3622,2,76,5,Bred,17,281,0,75,70.0,3.9,3.2,-1,19891,-1,60,280,HO,227,1018
3623,2,82,12,Bred,10,281,0,81,92.0,3.5,2.7,-1,27974,-1,60,280,HO,158,701
3624,2,78,5,Bred,17,281,0,77,98.0,1.9,2.7,-1,26081,-1,60,280,HO,181,406
3625,2,61,0,Open,10,-1,0,60,114.0,3.4,2.7,-1,-1,-1,60,280,HO,287,1017
3626,2,55,0,Open,10,-1,0,54,80.0,4.4,3.2,-1,-1,-1,60,280,HO,204,872
3627,2,40,0,Open,10,-1,0,39,88.0,3.8,3.8,-1,-1,-1,60,280,HO,174,494
3628,2,12,0,Open,10,-1,0,11,84.0,1.4E-45,1.4E-45,-1,-1,-1,60,280,HO,251,44
3629,2,73,0,Open,10,-1,0,72,96.0,4.0,3.0,-1,25979,-1,60,280,HO,312,875
3630,2,47,0,Open,10,-1,0,46,104.0,3.1,2.7,-1,-1,-1,60,280,HO,141,530
3631,1,424,187,Preg,10,281,0,423,40.0,3.0,3.3,-1,26937,-1,60,280,HO,105,669
3633,2,71,0,Open,10,-1,0,70,88.0,4.7,2.7,-1,27672,-1,60,280,HO,285,85
3634,2,70,0,Open,10,-1,0,69,82.0,3.4,2.8,-1,23230,-1,60,280,HO,303,504
3635,2,72,0,Open,10,-1,0,71,96.0,2.9,2.8,-1,27269,-1,60,280,HO,104,191
3636,2,65,0,Open,10,-1,0,64,104.0,3.2,2.8,-1,27873,-1,60,280,HO,142,373
3637,2,75,5,Bred,17,281,0,74,92.0,3.4,3.2,-1,25674,-1,60,280,HO,232,449
3638,2,67,0,Open,10,-1,0,66,88.0,3.1,2.9,-1,25511,-1,60,280,HO,250,567
3639,2,59,0,Open,10,-1,0,58,88.0,3.5,2.9,-1,-1,-1,60,280,HO,42,393
3640,2,62,0,Open,10,-1,0,61,88.0,2.5,2.8,-1,30667,-1,60,280,HO,320,656
3641,2,64,0,Open,10,-1,0,63,110.0,3.1,3.5,-1,28698,-1,60,280,HO,312,307
3642,2,71,0,Open,10,-1,0,70,90.0,3.4,2.9,-1,28321,-1,60,280,HO,35,656
3643,2,44,0,Open,10,-1,0,43,106.0,4.5,3.2,-1,-1,-1,60,280,HO,283,469
3644,2,27,0,Open,10,-1,0,26,88.0,1.4E-45,1.4E-45,-1,-1,-1,60,280,HO,101,1154
3645,2,68,0,Open,10,-1,0,67,102.0,3.7,3.2,-1,26922,-1,60,280,HO,371,703
3646,2,69,0,Open,10,-1,0,68,80.0,3.3,2.9,-1,25786,-1,60,280,HO,247,1028
3647,2,68,0,Open,10,-1,0,67,110.0,3.8,2.9,-1,29718,-1,60,280,HO,279,215
3648,2,61,0,Open,10,-1,0,60,96.0,3.9,2.8,-1,-1,-1,60,280,HO,234,855
3649,2,55,0,Open,10,-1,0,54,98.0,3.4,2.8,-1,-1,-1,60,280,HO,98,628
3650,2,58,0,Open,10,-1,0,57,100.0,2.7,2.9,-1,-1,-1,60,280,HO,194,976
3653,2,44,0,Open,10,-1,0,43,98.0,3.6,3.2,-1,-1,-1,60,280,HO,241,1077
3654,2,64,0,Open,10,-1,0,63,84.0,3.4,2.7,-1,27457,-1,60,280,HO,249,1010
3655,2,65,0,Open,10,-1,0,64,108.0,3.6,3.1,-1,28740,-1,60,280,HO,278,111
3656,1,407,0,Open,10,-1,0,406,40.0,4.4,3.6,-1,35078,-1,60,280,HO,176,243
3657,1,406,0,Open,10,-1,0,405,52.0,4.0,3.0,-1,30392,-1,60,280,HO,266,568
3658,2,45,0,Open,10,-1,0,44,120.0,2.9,3.2,-1,-1,-1,60,280,HO,209,645
3659,2,128,12,Bred,10,281,0,127,66.0,4.5,3.4,-1,22914,-1,60,280,HO,159,183
3660,1,404,201,Preg,10,281,0,403,64.0,4.8,3.5,-1,31159,-1,60,280,HO,211,872
3661,2,47,0,Open,10,-1,0,46,76.0,1.4E-45,1.4E-45,-1,-1,-1,60,280,HO,239,623
3662,1,402,165,Preg,10,281,0,401,66.0,3.8,3.5,-1,33422,-1,60,280,HO,0,416
3663,1,402,168,Preg,10,281,0,401,66.0,4.2,3.4,-1,32250,-1,60,280,HO,240,483
3664,1,373,233,Preg,10,283,28,373,-1.0,-1.0,-1.0,-1,22314,-1,60,280,HO,157,405
3665,2,48,0,Open,10,-1,0,47,92.0,4.0,3.2,-1,-1,-1,60,280,HO,222,492
3666,2,32,0,Open,10,-1,0,31,92.0,1.4E-45,1.4E-45,-1,-1,-1,60,280,HO,94,892
3667,1,397,0,Open,10,-1,0,396,40.0,4.3,3.4,-1,32174,-1,60,280,HO,264,113
3669,2,44,0,Open,10,-1,0,43,92.0,5.2,3.2,-1,-1,-1,60,280,HO,212,55
3670,1,349,266,Preg,10,281,56,349,-1.0,-1.0,-1.0,-1,27661,-1,60,280,HO,153,264
3672,2,36,0,Open,10,-1,0,35,110.0,4.2,4.0,-1,-1,-1,60,280,HO,452,1134
3674,1,384,187,Preg,10,281,0,383,72.0,3.9,3.3,-1,37899,-1,60,280,HO,174,377
3675,2,28,0,Open,10,-1,0,27,96.0,1.4E-45,1.4E-45,-1,-1,-1,60,280,HO,219,440
3676,2,45,0,Open,10,-1,0,44,100.0,5.0,3.3,-1,-1,-1,60,280,HO,267,372
3678,1,339,262,Preg,10,281,42,339,-1.0,-1.0,-1.0,-1,30311,-1,60,280,HO,285,902
3679,2,23,0,Open,10,-1,0,22,98.0,1.4E-45,1.4E-45,-1,-1,-1,60,280,HO,237,828
3680,1,379,0,Open,10,-1,0,378,56.0,3.4,3.4,-1,22221,-1,60,280,HO,116,401
3681,1,379,197,Preg,10,281,0,378,80.0,3.5,3.2,-1,36820,-1,60,280,HO,346,834
3682,2,35,0,Open,10,-1,0,34,94.0,4.5,4.3,-1,-1,-1,60,280,HO,145,382
3683,1,378,3,Bred,19,281,0,377,64.0,4.2,3.6,-1,29135,-1,60,280,HO,252,181
3685,2,6,0,Open,10,-1,0,5,72.0,1.4E-45,1.4E-45,-1,-1,-1,60,280,HO,121,612
3686,1,377,152,Preg,10,281,0,376,56.0,3.9,3.2,-1,28376,-1,60,280,HO,242,350
3687,1,342,251,Preg,10,281,35,342,-1.0,-1.0,-1.0,-1,29501,-1,60,280,HO,241,844
3688,1,341,251,Preg,10,281,35,341,-1.0,-1.0,-1.0,-1,28729,-1,60,280,HO,475,738
3689,2,31,0,Open,10,-1,0,30,108.0,1.4E-45,1.4E-45,-1,-1,-1,60,280,HO,52,1103
3691,2,28,0,Open,10,-1,0,27,116.0,1.4E-45,1.4E-45,-1,-1,-1,60,280,HO,244,438
3692,2,49,0,Open,10,-1,0,48,46.0,4.2,3.4,-1,-1,-1,60,280,HO,173,1070
3693,1,374,197,Preg,10,283,0,373,36.0,4.1,3.5,-1,26308,-1,60,280,HO,163,66
3694,2,37,0,Open,10,-1,0,36,72.0,4.6,4.0,-1,-1,-1,60,280,HO,279,676
3696,1,332,262,Preg,10,281,42,332,-1.0,-1.0,-1.0,-1,27304,-1,60,280,HO,275,586
3697,2,21,0,Open,10,-1,0,20,90.0,1.4E-45,1.4E-45,-1,-1,-1,60,280,HO,98,570
3698,2,25,0,Open,10,-1,0,24,84.0,1.4E-45,1.4E-45,-1,-1,-1,60,280,HO,171,306
3699,1,373,168,Preg,10,281,0,372,56.0,3.5,3.0,-1,30092,-1,60,280,HO,212,1010
3700,1,373,0,Open,10,-1,0,372,54.0,4.0,3.5,-1,23888,-1,60,280,HO,191,186
3701,2,5,0,Open,10,-1,0,4,40.0,1.4E-45,1.4E-45,-1,-1,-1,60,280,HO,260,343
3702,1,372,0,Open,10,-1,0,371,56.0,3.4,2.9,-1,32446,-1,60,280,HO,0,638
3703,2,27,0,Open,10,-1,0,26,96.0,1.4E-45,1.4E-45,-1,-1,-1,60,280,HO,0,91
3704,2,18,0,Open,10,-1,0,17,98.0,1.4E-45,1.4E-45,-1,-1,-1,60,280,HO,76,931
3705,2,20,0,Open,10,-1,0,19,90.0,1.4E-45,1.4E-45,-1,-1,-1,60,280,HO,147,386
3706,2,13,0,Open,10,-1,0,12,88.0,1.4E-45,1.4E-45,-1,-1,-1,60,280,HO,178,408
3707,1,313,260,Preg,10,281,56,313,-1.0,-1.0,-1.0,-1,26339,-1,60,280,HO,213,41
3708,2,10,0,Open,10,-1,0,9,88.0,1.4E-45,1.4E-45,-1,-1,-1,60,280,HO,203,337
3709,1,367,33,Bred,10,281,0,366,64.0,6.4,3.7,-1,25011,-1,60,280,HO,244,511
3710,1,315,265,Preg,10,281,49,315,-1.0,-1.0,-1.0,-1,29567,-1,60,280,HO,114,338
3712,1,313,271,Preg,10,281,49,313,-1.0,-1.0,-1.0,-1,28937,-1,60,280,HO,117,134
3713,1,318,264,Preg,10,281,42,318,-1.0,-1.0,-1.0,-1,28951,-1,60,280,HO,267,718
3714,1,303,272,Preg,10,281,56,303,-1.0,-1.0,-1.0,-1,28027,-1,60,280,HO,79,572
3715,1,331,250,Preg,10,281,28,331,-1.0,-1.0,-1.0,-1,23234,-1,60,280,HO,296,660
3716,2,8,0,Open,10,-1,0,7,64.0,1.4E-45,1.4E-45,-1,-1,-1,60,280,HO,323,1097
3717,1,358,182,Preg,10,281,0,357,44.0,5.9,3.1,-1,27442,-1,60,280,HO,99,349
3718,2,23,0,Open,10,-1,0,22,64.0,1.4E-45,1.4E-45,-1,-1,-1,60,280,HO,156,916
3719,1,352,207,Preg,10,281,0,351,44.0,5.0,4.7,-1,26603,-1,60,280,HO,78,1028
3720,1,317,256,Preg,10,281,35,317,-1.0,-1.0,-1.0,-1,24514,-1,60,280,HO,202,330
3721,1,318,256,Preg,10,281,35,318,-1.0,-1.0,-1.0,-1,30373,-1,60,280,HO,188,991
3722,2,4,0,Open,10,-1,0,3,52.0,1.4E-45,1.4E-45,-1,-1,-1,60,280,HO,283,1158
3723,2,6,0,Open,10,-1,0,5,20.0,1.4E-45,1.4E-45,-1,-1,-1,60,280,HO,203,173
3724,2,14,0,Open,10,-1,0,13,68.0,1.4E-45,1.4E-45,-1,-1,-1,60,280,HO,257,225
3725,1,298,278,Preg,10,281,56,298,-1.0,-1.0,-1.0,-1,28117,-1,60,280,HO,235,1034
3727,1,353,222,Preg,10,281,0,352,56.0,4.5,3.5,-1,30897,-1,60,280,HO,209,155
3728,1,339,236,Preg,10,281,14,339,-1.0,-1.0,-1.0,-1,25448,-1,60,280,HO,316,137
3729,1,295,278,Preg,10,281,56,295,-1.0,-1.0,-1.0,-1,22486,-1,60,280,HO,161,675
3730,1,351,0,Open,10,-1,0,350,66.0,4.3,3.5,-1,28971,-1,60,280,HO,386,7
3731,1,295,278,Preg,10,281,56,295,-1.0,-1.0,-1.0,-1,23283,-1,60,280,HO,296,467
3732,1,350,189,Preg,10,281,0,349,50.0,3.5,3.1,-1,28083,-1,60,280,HO,126,646
3734,2,17,0,Open,10,-1,0,16,76.0,1.4E-45,1.4E-45,-1,-1,-1,60,280,HO,153,815
3735,2,4,0,Open,10,-1,0,3,34.0,1.4E-45,1.4E-45,-1,-1,-1,60,280,HO,100,203
3736,1,348,0,Open,10,-1,0,347,44.0,3.7,3.3,-1,18839,-1,60,280,HO,95,771
3738,1,347,119,Preg,10,281,0,346,52.0,4.6,3.0,-1,27332,-1,60,280,HO,27,889
3739,1,347,218,Preg,10,283,0,346,40.0,3.6,3.3,-1,20979,-1,60,280,HO,518,751
3740,1,346,203,Preg,10,281,0,345,46.0,3.4,3.1,-1,25772,-1,60,280,HO,181,857
3741,1,346,211,Preg,10,281,0,345,6.0,3.4,3.0,-1,27201,-1,60,280,HO,239,421
3742,1,311,255,Preg,10,281,35,311,-1.0,-1.0,-1.0,-1,32346,-1,60,280,HO,118,1110
3743,2,19,0,Open,10,-1,0,18,36.0,1.4E-45,1.4E-45,-1,-1,-1,60,280,HO,218,89
3744,1,324,237,Preg,10,281,21,324,-1.0,-1.0,-1.0,-1,29727,-1,60,280,HO,3,1071
3745,1,295,271,Preg,10,281,49,295,-1.0,-1.0,-1.0,-1,23402,-1,60,280,HO,145,606
3747,1,335,229,Preg,10,281,7,335,-1.0,-1.0,-1.0,-1,21286,-1,60,280,HO,180,690
3749,1,340,180,Preg,10,281,0,339,52.0,4.4,3.2,-1,26448,-1,60,280,HO,208,476
3751,1,339,222,Preg,10,281,0,338,64.0,4.3,3.2,-1,28683,-1,60,280,HO,337,894
3753,1,296,264,Preg,10,281,42,296,-1.0,-1.0,-1.0,-1,27553,-1,60,280,HO,172,1091
3754,1,338,20,Bred,2,281,0,337,68.0,3.4,3.4,-1,34365,-1,60,280,HO,228,234
3755,1,337,219,Preg,10,281,0,336,20.0,4.7,3.5,-1,21774,-1,60,280,HO,288,1031
3756,1,295,260,Preg,10,281,42,295,-1.0,-1.0,-1.0,-1,24705,-1,60,280,HO,201,243
3758,1,336,219,Preg,10,281,0,335,50.0,4.3,3.4,-1,24263,-1,60,280,HO,175,446
3759,1,293,264,Preg,10,281,42,293,-1.0,-1.0,-1.0,-1,21656,-1,60,280,HO,86,1122
3760,1,293,264,Preg,10,281,42,293,-1.0,-1.0,-1.0,-1,20952,-1,60,280,HO,77,226
3761,1,313,240,Preg,10,281,21,313,-1.0,-1.0,-1.0,-1,28054,-1,60,280,HO,252,773
3762,1,334,185,Preg,10,281,0,333,36.0,3.9,3.3,-1,18824,-1,60,280,HO,25,882
3763,1,312,240,Preg,10,281,21,312,-1.0,-1.0,-1.0,-1,27579,-1,60,280,HO,268,1034
3764,1,333,146,Preg,10,281,0,332,70.0,4.4,3.6,-1,28852,-1,60,280,HO,280,380
3765,1,298,257,Preg,10,281,35,298,-1.0,-1.0,-1.0,-1,22338,-1,60,280,HO,2,282
3767,1,275,237,Preg,10,281,56,275,-1.0,-1.0,-1.0,-1,19668,-1,60,280,HO,168,650
3768,1,290,258,Preg,10,281,42,290,-1.0,-1.0,-1.0,-1,30278,-1,60,280,HO,174,422
3770,1,296,257,Preg,10,281,35,296,-1.0,-1.0,-1.0,-1,29893,-1,60,280,HO,365,790
3771,1,330,0,Open,10,-1,0,329,28.0,4.4,3.4,-1,24994,-1,60,280,HO,7,898
3772,1,316,235,Preg,10,281,14,316,-1.0,-1.0,-1.0,-1,28934,-1,60,280,HO,377,506
3774,1,328,0,Open,10,-1,0,327,56.0,3.2,3.2,-1,28547,-1,60,280,HO,129,691
3775,1,313,234,Preg,10,281,14,313,-1.0,-1.0,-1.0,-1,24183,-1,60,280,HO,72,905
3776,1,290,251,Preg,10,281,35,290,-1.0,-1.0,-1.0,-1,24468,-1,60,280,HO,261,855
3777,1,325,191,Preg,10,281,0,324,46.0,4.3,4.0,-1,25804,-1,60,280,HO,213,1065
3778,1,325,0,Open,10,-1,0,324,80.0,4.0,3.0,-1,24805,-1,60,280,HO,71,316
3780,1,296,250,Preg,10,281,28,296,-1.0,-1.0,-1.0,-1,31487,-1,60,280,HO,350,1175
3783,1,320,53,Preg,10,281,0,319,60.0,3.5,3.2,-1,27040,-1,60,280,HO,307,622
3786,1,317,211,Preg,10,281,0,316,60.0,5.1,3.1,-1,27824,-1,60,280,HO,185,863
3787,1,315,200,Preg,10,281,0,314,32.0,3.9,3.2,-1,20537,-1,60,280,HO,87,963
3788,1,293,243,Preg,10,281,21,293,-1.0,-1.0,-1.0,-1,25271,-1,60,280,HO,212,634
3789,1,313,221,Preg,10,281,0,312,68.0,3.8,3.7,-1,30504,-1,60,280,HO,310,231
3790,1,311,198,Preg,10,283,0,310,48.0,3.3,3.0,-1,22377,-1,60,280,HO,61,502
3791,1,297,236,Preg,10,281,14,297,-1.0,-1.0,-1.0,-1,25814,-1,60,280,HO,339,1171
3792,1,309,137,Preg,10,281,0,308,56.0,3.3,3.0,-1,24868,-1,60,280,HO,8,1108
3794,1,309,141,Preg,10,281,0,308,64.0,4.5,3.5,-1,31465,-1,60,280,HO,351,512
3796,1,294,236,Preg,10,281,14,294,-1.0,-1.0,-1.0,-1,26654,-1,60,280,HO,318,238
3797,1,293,236,Preg,10,281,14,293,-1.0,-1.0,-1.0,-1,25555,-1,60,280,HO,290,1054
3798,1,307,198,Preg,10,281,0,306,74.0,3.9,2.9,-1,27345,-1,60,280,HO,255,835
3799,1,306,215,Preg,10,281,0,305,44.0,3.8,3.1,-1,28459,-1,60,280,HO,229,895
3800,1,285,240,Preg,10,281,21,285,-1.0,-1.0,-1.0,-1,23980,-1,60,280,HO,271,1166
3802,1,304,185,Preg,10,281,0,303,38.0,5.7,3.9,-1,21949,-1,60,280,HO,285,268
3803,1,304,83,Preg,10,281,0,303,64.0,4.4,2.9,-1,31086,-1,60,280,HO,112,406
3804,1,297,229,Preg,10,281,7,297,-1.0,-1.0,-1.0,-1,29873,-1,60,280,HO,283,779
3806,1,296,229,Preg,10,281,7,296,-1.0,-1.0,-1.0,-1,26666,-1,60,280,HO,237,1064
3807,1,293,229,Preg,10,281,7,293,-1.0,-1.0,-1.0,-1,20415,-1,60,280,HO,175,162
3808,1,299,166,Preg,10,281,0,298,70.0,3.7,3.0,-1,29841,-1,60,280,HO,353,1025
3809,1,298,97,Preg,10,283,0,297,40.0,4.0,3.7,-1,21579,-1,60,280,HO,277,365
3810,1,297,201,Preg,10,281,0,296,43.4,4.4,3.4,-1,25111,-1,60,280,HO,348,704
3811,1,295,222,Preg,10,281,0,294,42.6,3.4,2.9,-1,22693,-1,60,280,HO,135,770
3812,1,295,181,Preg,10,281,0,294,80.0,3.3,3.6,-1,30360,-1,60,280,HO,239,820
3813,1,293,164,Preg,10,281,0,292,76.0,3.7,2.6,-1,28447,-1,60,280,HO,226,1048
3814,1,293,35,Bred,8,281,0,292,64.0,3.8,3.3,-1,30122,-1,60,280,HO,377,1150
3815,1,292,222,Preg,10,281,0,291,80.0,4.0,3.0,-1,35485,-1,60,280,HO,234,689
3816,1,291,96,Preg,10,281,0,290,56.0,3.9,3.7,-1,20536,-1,60,280,HO,214,413
3817,1,291,153,Preg,10,281,0,290,62.0,3.9,3.3,-1,29769,-1,60,280,HO,284,367
3818,1,290,185,Preg,10,281,0,289,68.0,3.5,2.9,-1,27511,-1,60,280,HO,299,237
3819,1,262,193,Preg,10,281,28,262,-1.0,-1.0,-1.0,-1,17321,-1,60,280,HO,254,12
3821,1,286,215,Preg,10,281,0,285,48.0,2.7,3.2,-1,24295,-1,60,280,HO,162,990
3822,1,287,215,Preg,10,281,0,286,60.0,3.8,3.1,-1,23543,-1,60,280,HO,190,858
3823,1,285,215,Preg,10,281,0,284,70.0,3.0,2.9,-1,26803,-1,60,280,HO,152,850
3825,1,283,89,Preg,10,281,0,282,56.0,4.3,3.4,-1,22514,-1,60,280,HO,208,172
3826,1,282,40,Bred,3,281,0,281,48.0,4.5,3.1,-1,24056,-1,60,280,HO,146,780
3827,1,281,10,Bred,12,281,0,280,48.0,4.3,3.9,-1,25671,-1,60,280,HO,385,525
3828,1,281,203,Preg,10,281,0,280,60.0,4.0,3.1,-1,29480,-1,60,280,HO,291,412
3830,1,280,143,Preg,10,283,0,279,60.0,4.2,3.5,-1,21680,-1,60,280,HO,221,817
3831,1,279,137,Preg,10,281,0,278,48.0,4.2,3.2,-1,21946,-1,60,280,HO,215,876
3832,1,278,207,Preg,10,281,0,277,28.0,3.7,2.9,-1,18522,-1,60,280,HO,140,94
3833,1,278,208,Preg,10,281,0,277,52.0,4.3,3.4,-1,23113,-1,60,280,HO,80,1165
3834,1,277,201,Preg,10,281,0,276,48.0,5.2,3.8,-1,20302,-1,60,280,HO,286,284
3835,1,275,162,Preg,10,281,0,274,60.0,3.3,2.6,-1,24128,-1,60,280,HO,0,789
3836,1,274,201,Preg,10,281,0,273,48.0,3.8,3.4,-1,21812,-1,60,280,HO,82,894
3837,1,274,104,Preg,10,281,0,273,58.0,3.9,3.8,-1,21148,-1,60,280,HO,248,1004
3838,1,273,201,Preg,10,281,0,272,60.0,4.3,3.4,-1,23908,-1,60,280,HO,215,688
3839,1,272,201,Preg,10,283,0,271,64.0,3.7,3.1,-1,26567,-1,60,280,HO,175,922
3840,1,272,185,Preg,10,281,0,271,52.0,5.0,4.2,-1,20680,-1,60,280,HO,155,100
3841,1,271,117,Preg,10,281,0,270,52.0,4.8,3.1,-1,19589,-1,60,280,HO,162,890
3842,1,271,139,Preg,10,281,0,270,56.0,4.1,3.1,-1,21057,-1,60,280,HO,185,270
3843,1,270,23,Bred,20,281,0,269,64.0,3.3,2.9,-1,24430,-1,60,280,HO,210,316
3844,1,269,195,Preg,10,281,0,268,64.0,3.1,3.0,-1,24061,-1,60,280,HO,0,537
3845,1,268,194,Preg,10,281,0,267,50.0,3.8,3.4,-1,20610,-1,60,280,HO,301,731
3846,1,267,194,Preg,10,281,0,266,32.0,3.8,2.9,-1,28273,-1,60,280,HO,244,971
3847,1,267,156,Preg,10,281,0,266,60.0,3.9,2.9,-1,26356,-1,60,280,HO,15,338
3848,1,267,46,Preg,10,281,0,266,62.0,3.5,3.0,-1,23552,-1,60,280,HO,348,733
3849,1,267,155,Preg,10,281,0,266,68.0,4.1,3.4,-1,26912,-1,60,280,HO,358,530
3851,1,271,201,Preg,10,281,0,270,58.0,3.0,2.7,-1,26653,-1,60,280,HO,175,931
3852,1,265,194,Preg,10,281,0,264,60.0,3.7,2.9,-1,26697,-1,60,280,HO,278,1052
3853,1,265,194,Preg,10,281,0,264,56.0,4.2,3.7,-1,28681,-1,60,280,HO,-9,1071
3854,1,264,195,Preg,10,281,0,263,60.0,4.5,4.1,-1,23616,-1,60,280,HO,205,885
3855,1,264,136,Preg,10,281,0,263,56.0,3.8,3.4,-1,26808,-1,60,280,HO,304,1084
3856,1,263,43,Bred,0,281,0,262,64.0,3.9,3.3,-1,30666,-1,60,280,HO,260,605
3857,1,262,187,Preg,10,283,0,261,1.4E-45,1.4E-45,1.4E-45,-1,23041,-1,60,280,HO,118,88
3858,1,259,17,Bred,5,281,0,258,52.0,3.8,3.0,-1,25933,-1,60,280,HO,370,846
3859,1,257,187,Preg,10,281,0,256,40.0,3.3,3.5,-1,20344,-1,60,280,HO,200,28
3860,1,256,180,Preg,10,281,0,255,44.0,4.0,3.1,-1,20424,-1,60,280,HO,132,1080
3861,1,255,2,Bred,20,281,0,254,42.0,3.5,3.1,-1,22566,-1,60,280,HO,159,294
3862,1,253,140,Preg,10,281,0,252,70.0,4.2,3.6,-1,26902,-1,60,280,HO,277,650
3863,1,252,160,Preg,10,281,0,251,66.0,3.7,3.4,-1,27718,-1,60,280,HO,278,743
3864,1,251,180,Preg,10,283,0,250,62.0,4.1,3.3,-1,23348,-1,60,280,HO,265,498
3865,1,250,180,Preg,10,283,0,249,58.0,4.8,3.6,-1,24295,-1,60,280,HO,249,440
3866,1,250,0,Open,10,-1,0,249,46.0,3.6,3.3,-1,22842,-1,60,280,HO,145,281
3867,1,249,173,Preg,10,281,0,248,60.0,3.5,3.3,-1,22694,-1,60,280,HO,207,839
3868,1,249,118,Preg,10,281,0,248,58.0,2.5,3.0,-1,23810,-1,60,280,HO,-41,572
3869,1,249,173,Preg,10,281,0,248,56.0,3.8,3.3,-1,22195,-1,60,280,HO,201,667
3870,1,248,93,Preg,10,281,0,247,60.0,4.1,3.3,-1,21009,-1,60,280,HO,164,946
3871,1,248,173,Preg,10,281,0,247,50.0,3.4,3.7,-1,22770,-1,60,280,HO,165,559
3872,1,247,173,Preg,10,281,0,246,56.0,3.6,2.8,-1,23809,-1,60,280,HO,70,1131
3873,1,247,173,Preg,10,281,0,246,64.0,3.9,3.2,-1,24252,-1,60,280,HO,294,1097
3874,1,246,173,Preg,10,281,0,245,72.0,3.9,3.2,-1,25545,-1,60,280,HO,277,285
3875,1,246,173,Preg,10,281,0,245,42.0,3.2,3.1,-1,19442,-1,60,280,HO,274,237
3876,1,246,34,Bred,9,281,0,245,68.0,4.1,3.7,-1,27510,-1,60,280,HO,102,217
3877,1,246,173,Preg,10,281,0,245,56.0,3.6,3.2,-1,24314,-1,60,280,HO,325,930
3878,1,246,149,Preg,10,281,0,245,56.0,4.4,2.9,-1,24595,-1,60,280,HO,222,824
3879,1,246,173,Preg,10,281,0,245,64.0,5.0,3.6,-1,25719,-1,60,280,HO,216,1113
3880,1,245,173,Preg,10,281,0,244,74.0,2.8,3.3,-1,27357,-1,60,280,HO,301,761
3881,1,245,173,Preg,10,281,0,244,50.0,4.5,3.2,-1,20042,-1,60,280,HO,236,625
3882,1,245,173,Preg,10,281,0,244,56.0,4.7,3.9,-1,21697,-1,60,280,HO,157,66
3883,1,245,113,Preg,10,281,0,244,40.0,3.3,3.5,-1,19116,-1,60,280,HO,221,1163
3885,1,243,174,Preg,10,281,0,242,60.0,3.3,3.4,-1,24823,-1,60,280,HO,561,280
3886,1,243,152,Preg,10,281,0,242,68.0,3.9,3.0,-1,29863,-1,60,280,HO,395,132
3887,1,242,164,Preg,10,281,0,241,52.0,3.4,2.8,-1,18268,-1,60,280,HO,27,465
3888,1,242,170,Preg,10,283,0,241,56.0,3.7,3.2,-1,26667,-1,60,280,HO,359,626
3889,1,242,166,Preg,10,281,0,241,56.0,1.9,2.9,-1,23205,-1,60,280,HO,260,224
3890,1,242,170,Preg,10,281,0,241,60.0,3.6,2.9,-1,26459,-1,60,280,HO,327,728
3891,1,241,11,Bred,11,281,0,240,43.8,4.1,3.4,-1,23676,-1,60,280,HO,164,668
3892,1,241,34,Bred,9,281,0,240,72.0,3.4,3.0,-1,26953,-1,60,280,HO,367,987
3893,1,241,25,Bred,18,281,0,240,36.0,4.1,3.6,-1,23328,-1,60,280,HO,347,1075
3894,1,240,16,Bred,6,281,0,239,44.0,3.7,3.2,-1,22692,-1,60,280,HO,303,539
3896,1,240,7,Bred,15,281,0,239,60.0,3.1,2.9,-1,27603,-1,60,280,HO,280,1182
3897,1,240,110,Preg,10,281,0,239,64.0,3.9,3.3,-1,29062,-1,60,280,HO,229,180
3898,1,239,148,Preg,10,281,0,238,56.0,4.3,3.4,-1,22004,-1,60,280,HO,146,123
3899,1,238,23,Bred,20,281,0,237,80.0,3.2,3.3,-1,30169,-1,60,280,HO,341,631
3900,1,238,12,Bred,10,281,0,237,70.0,2.9,3.2,-1,27332,-1,60,280,HO,111,206
3901,1,238,166,Preg,10,281,0,237,78.0,4.7,3.7,-1,28722,-1,60,280,HO,0,468
3902,1,237,166,Preg,10,281,0,236,52.0,4.8,3.4,-1,25039,-1,60,280,HO,80,797
3903,1,236,149,Preg,10,281,0,235,48.0,4.6,3.5,-1,22405,-1,60,280,HO,276,469
3904,1,236,2,Bred,20,281,0,235,58.0,4.0,3.3,-1,24120,-1,60,280,HO,271,976
3905,1,236,166,Preg,10,281,0,235,76.0,4.0,3.9,-1,30250,-1,60,280,HO,358,865
3907,1,234,159,Preg,10,281,0,233,58.0,3.6,3.5,-1,21784,-1,60,280,HO,210,755
3908,1,233,53,Open,11,-1,0,232,64.0,3.9,3.6,-1,25256,-1,60,280,HO,147,524
3909,1,233,138,Preg,10,281,0,232,70.0,4.4,3.2,-1,26918,-1,60,280,HO,407,884
3910,1,232,159,Preg,10,281,0,231,52.0,4.5,3.8,-1,22074,-1,60,280,HO,129,675
3911,1,232,7,Bred,15,283,0,231,68.0,3.9,3.1,-1,27505,-1,60,280,HO,365,100
3912,1,231,159,Preg,10,281,0,230,80.0,4.7,3.1,-1,28331,-1,60,280,HO,195,672
3913,1,231,92,Preg,10,281,0,230,68.0,4.7,3.7,-1,25410,-1,60,280,HO,211,731
3914,1,230,73,Preg,10,281,0,229,72.0,3.3,3.3,-1,24693,-1,60,280,HO,211,928
3915,1,230,160,Preg,10,291,0,229,40.0,7.3,2.8,-1,22268,-1,60,280,HO,22,695
3916,1,230,134,Preg,10,283,0,229,52.0,4.9,3.6,-1,22300,-1,60,280,HO,77,513
3917,1,228,152,Preg,10,281,0,227,58.0,3.1,3.0,-1,22293,-1,60,280,HO,388,807
3918,1,227,124,Preg,10,281,0,226,64.0,3.9,3.3,-1,23000,-1,60,280,HO,145,583
3919,1,226,152,Preg,10,281,0,225,56.0,5.3,3.8,-1,21688,-1,60,280,HO,189,78
3920,1,224,12,Bred,10,281,0,223,84.0,3.5,3.5,-1,32344,-1,60,280,HO,313,344
3921,1,223,111,Preg,10,281,0,222,64.0,3.0,3.9,-1,23767,-1,60,280,HO,242,692
3922,1,222,152,Preg,10,281,0,221,68.0,4.1,3.2,-1,27280,-1,60,280,HO,243,473
3923,1,220,145,Preg,10,281,0,219,88.0,4.2,3.3,-1,30165,-1,60,280,HO,289,257
3924,1,218,145,Preg,10,281,0,217,66.0,3.2,2.9,-1,27141,-1,60,280,HO,283,844
3925,1,218,78,Preg,10,281,0,217,92.0,4.2,3.4,-1,31733,-1,60,280,HO,259,150
3926,1,217,22,Bred,0,281,0,216,72.0,3.6,3.4,-1,29431,-1,60,280,HO,292,1045
3927,1,215,145,Preg,10,281,0,214,56.0,4.4,3.1,-1,25519,-1,60,280,HO,260,40
3928,1,212,138,Preg,10,283,0,211,80.0,4.0,3.3,-1,34913,-1,60,280,HO,304,246
3929,1,211,138,Preg,10,281,0,210,64.0,2.9,2.8,-1,24695,-1,60,280,HO,270,1055
3930,1,210,16,Bred,6,281,0,209,62.0,3.5,3.3,-1,24241,-1,60,280,HO,-23,963
3931,1,210,59,Preg,10,281,0,209,88.0,2.9,3.1,-1,28206,-1,60,280,HO,208,20
3932,1,208,138,Preg,10,281,0,207,60.0,3.3,3.0,-1,23459,-1,60,280,HO,62,607
3933,1,206,131,Preg,10,280,0,205,56.0,3.6,3.1,-1,20784,-1,60,280,HO,271,878
3934,1,205,67,Preg,10,281,0,204,46.0,3.2,3.3,-1,23844,-1,60,280,HO,315,569
3935,1,206,46,Preg,10,281,0,205,92.0,4.1,3.9,-1,28797,-1,60,280,HO,181,1090
3936,1,205,12,Bred,10,281,0,204,80.0,4.7,3.7,-1,29093,-1,60,280,HO,207,152
3937,1,205,63,Preg,10,281,0,204,40.0,3.6,3.4,-1,17462,-1,60,280,HO,196,101
3938,1,204,5,Bred,17,283,0,203,72.0,4.3,3.3,-1,25420,-1,60,280,HO,111,571
3939,1,203,46,Preg,10,281,0,202,68.0,3.6,2.9,-1,26502,-1,60,280,HO,152,1137
3940,1,203,112,Preg,10,280,0,202,48.0,4.4,3.5,-1,24680,-1,60,280,HO,217,450
3941,1,203,50,Preg,10,281,0,202,46.0,4.6,3.6,-1,18971,-1,60,280,HO,180,401
3942,1,203,112,Preg,10,281,0,202,68.0,4.4,3.1,-1,26759,-1,60,280,HO,291,610
3943,1,202,131,Preg,10,281,0,201,46.0,3.0,3.1,-1,20936,-1,60,280,HO,232,102
3944,1,201,70,Preg,10,281,0,200,110.0,3.0,3.1,-1,30543,-1,60,280,HO,233,974
3945,1,201,107,Preg,10,281,0,200,70.0,3.5,3.1,-1,21119,-1,60,280,HO,172,182
3947,1,198,109,Preg,10,281,0,197,64.0,4.2,3.1,-1,23441,-1,60,280,HO,181,484
3948,1,198,2,Bred,20,281,0,197,44.0,3.9,3.5,-1,17642,-1,60,280,HO,66,404
3949,1,198,36,Bred,7,281,0,197,64.0,3.5,3.1,-1,24378,-1,60,280,HO,140,498
3950,1,197,68,Preg,10,280,0,196,36.0,4.4,3.5,-1,16675,-1,60,280,HO,111,744
3951,1,196,34,Bred,9,281,0,195,66.0,4.2,3.5,-1,28655,-1,60,280,HO,194,216
3953,1,194,103,Preg,10,281,0,193,50.0,4.1,3.1,-1,18358,-1,60,280,HO,181,1025
3954,1,194,124,Preg,10,281,0,193,80.0,4.2,3.4,-1,24798,-1,60,280,HO,264,1118
3955,1,191,12,Bred,10,281,0,190,84.0,3.7,3.0,-1,32551,-1,60,280,HO,199,0
3956,1,191,82,Preg,10,281,0,190,90.4,4.3,3.6,-1,29175,-1,60,280,HO,233,1146
3957,1,191,99,Preg,10,281,0,190,42.0,5.2,3.1,-1,16037,-1,60,280,HO,185,542
3958,1,190,117,Preg,10,281,0,189,60.0,4.3,3.3,-1,25520,-1,60,280,HO,8,762
3960,1,185,110,Preg,10,281,0,184,60.0,4.5,3.6,-1,23447,-1,60,280,HO,199,414
3961,1,185,9,Bred,13,281,0,184,92.0,3.2,3.1,-1,32195,-1,60,280,HO,357,221
3962,1,184,12,Bred,10,283,0,183,60.0,3.8,3.4,-1,24291,-1,60,280,HO,209,570
3963,1,184,12,Bred,10,281,0,183,72.0,3.7,3.2,-1,27644,-1,60,280,HO,110,886
3964,1,182,74,Preg,10,281,0,181,62.0,3.8,3.5,-1,28836,-1,60,280,HO,282,509
3965,1,179,82,Preg,10,281,0,178,36.0,3.7,3.2,-1,17073,-1,60,280,HO,70,510
3966,1,178,103,Preg,10,281,0,177,68.0,3.7,3.2,-1,26397,-1,60,280,HO,197,491
3967,1,177,103,Preg,10,281,0,176,76.0,5.1,4.0,-1,28447,-1,60,280,HO,249,294
3968,1,177,50,Preg,10,281,0,176,68.0,2.8,3.2,-1,26452,-1,60,280,HO,-125,596
3969,1,173,59,Preg,10,281,0,172,72.0,3.9,3.3,-1,22800,-1,60,280,HO,330,197
3970,1,172,77,Preg,10,281,0,171,64.0,3.3,2.9,-1,26313,-1,60,280,HO,461,198
3971,1,172,40,Bred,3,281,0,171,72.0,3.9,3.0,-1,24365,-1,60,280,HO,122,698
3972,1,169,82,Preg,10,281,0,168,50.0,4.5,3.7,-1,19376,-1,60,280,HO,181,780
3973,1,169,37,Bred,6,281,0,168,60.0,3.2,2.8,-1,25393,-1,60,280,HO,238,762
3974,1,168,83,Preg,10,281,0,167,76.0,3.0,3.1,-1,30142,-1,60,280,HO,305,924
3976,1,166,82,Preg,10,281,0,165,64.0,3.3,3.2,-1,29156,-1,60,280,HO,275,1170
3977,1,164,89,Preg,10,281,0,163,82.0,3.0,2.9,-1,26630,-1,60,280,HO,243,778
3978,1,163,63,Preg,10,281,0,162,72.0,3.7,3.1,-1,25398,-1,60,280,HO,206,386
3979,1,162,89,Preg,10,281,0,161,64.0,4.5,3.3,-1,22913,-1,60,280,HO,259,522
3980,1,162,82,Preg,10,281,0,161,44.0,3.6,2.8,-1,18694,-1,60,280,HO,102,1076
3981,1,161,70,Preg,10,281,0,160,76.0,3.8,3.6,-1,30023,-1,60,280,HO,101,616
3982,1,161,89,Preg,10,281,0,160,68.0,4.2,3.9,-1,26867,-1,60,280,HO,133,1125
3983,1,159,66,Preg,10,281,0,158,70.0,3.6,2.9,-1,25444,-1,60,280,HO,102,331
3984,1,159,70,Preg,10,280,0,158,52.0,3.9,2.9,-1,24554,-1,60,280,HO,116,889
3985,1,157,26,Bred,17,281,0,156,80.0,2.7,3.2,-1,27925,-1,60,280,HO,196,210
3986,1,156,82,Preg,10,281,0,155,64.0,3.5,3.6,-1,27429,-1,60,280,HO,38,934
3987,1,155,60,Preg,10,281,0,154,80.0,3.8,3.3,-1,26878,-1,60,280,HO,376,20
3988,1,155,82,Preg,10,281,0,154,64.0,3.6,2.9,-1,22977,-1,60,280,HO,294,902
3989,1,154,83,Preg,10,281,0,153,70.0,4.0,4.1,-1,24591,-1,60,280,HO,354,829
3990,1,155,63,Preg,10,281,0,154,72.0,3.7,3.2,-1,25853,-1,60,280,HO,396,1068
3991,1,154,82,Preg,10,281,0,153,54.0,3.6,3.1,-1,23951,-1,60,280,HO,388,257
3992,1,152,8,Bred,14,281,0,151,72.0,3.5,3.1,-1,22989,-1,60,280,HO,119,106
3993,1,151,19,Bred,3,281,0,150,60.0,5.4,3.8,-1,24933,-1,60,280,HO,294,645
3994,1,150,75,Preg,10,281,0,149,88.0,4.0,3.3,-1,29439,-1,60,280,HO,152,887
3995,1,149,49,Preg,10,281,0,148,74.0,2.0,3.0,-1,24858,-1,60,280,HO,303,687
3996,1,147,10,Bred,12,281,0,146,64.0,4.3,3.6,-1,25081,-1,60,280,HO,171,957
3997,1,147,19,Bred,3,281,0,146,92.0,3.8,3.3,-1,27624,-1,60,280,HO,415,432
3998,1,146,75,Preg,10,281,0,145,80.0,3.3,2.8,-1,22634,-1,60,280,HO,15,985
3999,1,142,47,Preg,10,281,0,141,68.0,3.7,3.5,-1,25175,-1,60,280,HO,307,234
4001,1,139,48,Preg,10,281,0,138,66.0,3.7,2.9,-1,25658,-1,60,280,HO,372,1174
4003,1,138,17,Bred,5,281,0,137,82.0,3.0,3.1,-1,25151,-1,60,280,HO,259,1049
4004,1,133,62,Preg,10,281,0,132,74.0,3.8,2.8,-1,24426,-1,60,280,HO,300,100
4005,1,130,31,Bred,12,281,0,129,76.0,4.2,3.1,-1,25430,-1,60,280,HO,188,691
4006,1,129,54,Preg,10,281,0,128,66.0,3.1,3.1,-1,26721,-1,60,280,HO,219,1096
4007,1,130,30,Bred,13,281,0,129,76.0,4.0,3.6,-1,29083,-1,60,280,HO,206,449
4008,1,128,54,Preg,10,280,0,127,66.0,3.6,3.2,-1,22948,-1,60,280,HO,212,105
4009,1,125,54,Preg,10,281,0,124,72.0,3.3,2.9,-1,25388,-1,60,280,HO,317,93
4010,1,124,55,Preg,10,281,0,123,68.0,3.9,3.5,-1,25607,-1,60,280,HO,157,185
4011,1,123,28,Bred,15,281,0,122,60.0,3.2,3.2,-1,22252,-1,60,280,HO,239,285
4012,1,123,47,Preg,10,281,0,122,68.0,3.4,2.6,-1,25676,-1,60,280,HO,185,808
4013,1,121,47,Preg,10,281,0,120,72.0,3.3,2.9,-1,28279,-1,60,280,HO,236,828
4014,1,121,47,Preg,10,281,0,120,72.0,4.2,3.8,-1,28165,-1,60,280,HO,265,972
4015,1,120,17,Bred,5,283,0,119,32.0,3.5,3.1,-1,16682,-1,60,280,HO,54,398
4016,1,119,47,Preg,10,281,0,118,100.0,3.1,2.7,-1,35729,-1,60,280,HO,325,596
4017,1,118,29,Bred,14,281,0,117,76.0,4.1,2.8,-1,26580,-1,60,280,HO,200,231
4018,1,117,48,Preg,10,281,0,116,72.0,8.4,3.5,-1,27555,-1,60,280,HO,-30,608
4019,1,116,45,Preg,10,281,0,115,76.0,3.6,3.0,-1,28101,-1,60,280,HO,112,100
4020,1,115,40,Bred,3,281,0,114,64.0,4.5,3.3,-1,26561,-1,60,280,HO,294,422
4021,1,115,40,Bred,3,281,0,114,56.0,4.0,3.1,-1,24340,-1,60,280,HO,233,80
4022,1,113,40,Bred,3,281,0,112,52.0,3.9,3.0,-1,21835,-1,60,280,HO,144,941
4023,1,113,40,Bred,3,281,0,112,66.0,3.6,3.0,-1,23952,-1,60,280,HO,327,840
4024,1,111,40,Bred,3,283,0,110,68.0,2.8,3.1,-1,26752,-1,60,280,HO,84,1092
4025,1,109,14,Bred,8,281,0,108,84.0,3.6,3.3,-1,27873,-1,60,280,HO,437,591
4026,1,108,9,Bred,13,281,0,107,68.0,4.1,3.3,-1,23904,-1,60,280,HO,275,750
4027,1,108,34,Bred,9,281,0,107,72.0,3.7,3.1,-1,25599,-1,60,280,HO,10,1080
4028,1,106,33,Bred,10,281,0,105,76.0,2.9,3.7,-1,26258,-1,60,280,HO,312,771
4029,1,105,33,Bred,10,281,0,104,66.0,3.6,3.1,-1,25904,-1,60,280,HO,452,312
4030,1,105,33,Bred,10,281,0,104,60.0,3.5,3.0,-1,22045,-1,60,280,HO,324,162
4031,1,105,13,Bred,9,281,0,104,94.0,3.7,2.9,-1,23591,-1,60,280,HO,216,497
4032,1,100,28,Bred,15,281,0,99,76.0,3.8,3.3,-1,27420,-1,60,280,HO,198,427
4033,1,99,26,Bred,17,281,0,98,80.0,3.0,2.7,-1,26402,-1,60,280,HO,26,22
4034,1,96,2,Bred,20,281,0,95,60.0,4.0,3.2,-1,22243,-1,60,280,HO,212,918
4035,1,95,19,Bred,3,281,0,94,80.0,3.5,2.8,-1,25723,-1,60,280,HO,189,380
4036,1,94,19,Bred,3,281,0,93,68.0,4.1,3.1,-1,30861,-1,60,280,HO,170,656
4037,1,92,19,Bred,3,283,0,91,68.0,3.9,3.1,-1,32121,-1,60,280,HO,84,250
4038,1,91,21,Bred,1,281,0,90,76.0,4.1,3.6,-1,24590,-1,60,280,HO,294,978
4039,1,90,19,Bred,3,281,0,89,78.0,3.3,2.8,-1,26656,-1,60,280,HO,238,336
4040,1,89,19,Bred,3,281,0,88,72.0,3.5,3.0,-1,25822,-1,60,280,HO,127,1006
4041,1,88,13,Bred,9,281,0,87,60.0,2.5,3.3,-1,27446,-1,60,280,HO,184,279
4042,1,87,12,Bred,10,281,0,86,80.0,3.3,2.8,-1,23899,-1,60,280,HO,234,91
4044,1,85,12,Bred,10,281,0,84,88.0,4.6,2.8,-1,27552,-1,60,280,HO,85,439
4045,1,85,12,Bred,10,283,0,84,80.0,3.5,2.8,-1,27316,-1,60,280,HO,127,12
4046,1,86,12,Bred,10,281,0,85,80.0,3.2,2.7,-1,24902,-1,60,280,HO,197,554
4047,1,83,12,Bred,10,281,0,82,60.0,2.8,2.7,-1,32626,-1,60,280,HO,294,1042
4048,1,83,12,Bred,10,281,0,82,72.0,3.7,3.3,-1,23065,-1,60,280,HO,75,622
4049,1,82,12,Bred,10,281,0,81,80.0,3.2,3.0,-1,26517,-1,60,280,HO,448,86
4050,1,82,12,Bred,10,281,0,81,90.0,2.9,2.6,-1,27909,-1,60,280,HO,214,771
4051,1,82,12,Bred,10,281,0,81,88.0,4.4,3.0,-1,26951,-1,60,280,HO,144,1057
4052,1,81,5,Bred,17,281,0,80,51.8,3.5,2.8,-1,24770,-1,60,280,HO,160,398
4053,1,81,5,Bred,17,280,0,80,52.0,4.4,3.1,-1,18755,-1,60,280,HO,159,20
4054,1,80,5,Bred,17,281,0,79,74.0,5.2,3.3,-1,21125,-1,60,280,HO,203,407
4055,1,79,5,Bred,17,283,0,78,64.0,3.7,3.1,-1,18927,-1,60,280,HO,119,820
4056,1,79,5,Bred,17,281,0,78,90.0,3.8,3.0,-1,26090,-1,60,280,HO,248,595
4057,1,77,5,Bred,17,281,0,76,74.0,3.6,3.2,-1,26922,-1,60,280,HO,250,1065
4058,1,76,5,Bred,17,281,0,75,64.0,3.2,3.1,-1,23422,-1,60,280,HO,255,733
4059,1,76,5,Bred,17,281,0,75,60.0,3.1,3.0,-1,24368,-1,60,280,HO,333,372
4060,1,75,5,Bred,17,281,0,74,80.0,3.7,3.3,-1,28449,-1,60,280,HO,377,341
4061,1,73,0,Open,10,-1,0,72,80.0,3.9,3.1,-1,20781,-1,60,280,HO,355,613
4062,1,73,0,Open,10,-1,0,72,76.0,3.5,2.7,-1,23435,-1,60,280,HO,180,844
4063,1,73,0,Open,10,-1,0,72,36.0,4.1,3.8,-1,17685,-1,60,280,HO,99,242
4064,1,72,0,Open,10,-1,0,71,84.0,4.3,3.3,-1,25377,-1,60,280,HO,166,275
4065,1,72,0,Open,10,-1,0,71,76.0,4.6,3.7,-1,25937,-1,60,280,HO,163,904
4066,1,70,0,Open,10,-1,0,69,54.0,2.3,2.9,-1,20196,-1,60,280,HO,127,227
4067,1,71,0,Open,10,-1,0,70,68.0,4.3,3.4,-1,23296,-1,60,280,HO,147,1100
4068,1,70,0,Open,10,-1,0,69,68.0,4.3,3.2,-1,32242,-1,60,280,HO,265,1070
4069,1,69,0,Open,10,-1,0,68,60.0,4.0,3.3,-1,18542,-1,60,280,HO,342,278
4070,1,67,0,Open,10,-1,0,66,80.0,3.8,2.9,-1,25745,-1,60,280,HO,263,1128
4071,1,67,0,Open,10,-1,0,66,80.0,4.9,3.7,-1,26019,-1,60,280,HO,52,566
4072,1,66,0,Open,10,-1,0,65,68.0,6.0,3.3,-1,25259,-1,60,280,HO,60,356
4073,1,64,0,Open,10,-1,0,63,64.0,4.2,3.2,-1,24357,-1,60,280,HO,244,800
4074,1,63,0,Open,10,-1,0,62,60.0,3.7,3.2,-1,21428,-1,60,280,HO,175,383
4075,1,63,0,Open,10,-1,0,62,68.0,3.3,3.0,-1,25777,-1,60,280,HO,297,386
4076,1,63,0,Open,10,-1,0,62,64.0,5.2,3.7,-1,20843,-1,60,280,HO,-586,322
4077,1,61,0,Open,10,-1,0,60,60.0,3.7,3.2,-1,-1,-1,60,280,HO,203,152
4078,1,62,0,Open,10,-1,0,61,72.0,3.7,3.1,-1,27485,-1,60,280,HO,270,1132
4079,1,60,0,Open,10,-1,0,59,60.0,3.9,3.3,-1,-1,-1,60,280,HO,100,1197
4080,1,59,0,Open,10,-1,0,58,80.0,4.2,3.4,-1,-1,-1,60,280,HO,294,641
4081,1,57,0,Open,10,-1,0,56,66.0,3.9,2.9,-1,-1,-1,60,280,HO,71,416
4082,1,55,0,Open,10,-1,0,54,80.0,4.1,3.0,-1,-1,-1,60,280,HO,474,776
4083,1,54,0,Open,10,-1,0,53,74.0,4.3,2.8,-1,-1,-1,60,280,HO,84,704
4084,1,55,0,Open,10,-1,0,54,64.0,3.3,2.7,-1,-1,-1,60,280,HO,432,658
4085,1,53,0,Open,10,-1,0,52,60.0,3.9,3.2,-1,-1,-1,60,280,HO,476,697
4086,1,53,0,Open,10,-1,0,52,46.0,4.2,3.0,-1,-1,-1,60,280,HO,223,208
4087,1,51,0,Open,10,-1,0,50,52.0,3.5,2.8,-1,-1,-1,60,280,HO,179,110
4088,1,51,0,Open,10,-1,0,50,78.0,4.9,3.0,-1,-1,-1,60,280,HO,262,723
4089,1,50,0,Open,10,-1,0,49,54.0,1.4E-45,1.4E-45,-1,-1,-1,60,280,HO,242,97
4090,1,49,0,Open,10,-1,0,48,66.0,4.2,3.0,-1,-1,-1,60,280,HO,220,500
4091,1,49,0,Open,10,-1,0,48,72.0,3.9,3.3,-1,-1,-1,60,280,HO,181,23
4092,1,49,0,Open,10,-1,0,48,64.0,4.0,2.7,-1,-1,-1,60,280,HO,194,682
4093,1,49,0,Open,10,-1,0,48,70.0,4.7,2.9,-1,-1,-1,60,280,HO,357,796
4094,1,48,0,Open,10,-1,0,47,74.0,4.1,3.2,-1,-1,-1,60,280,HO,31,942
4095,1,46,0,Open,10,-1,0,45,48.0,4.4,3.3,-1,-1,-1,60,280,HO,217,369
4096,1,45,0,Open,10,-1,0,44,52.0,3.8,3.1,-1,-1,-1,60,280,HO,290,136
4097,1,43,0,Open,10,-1,0,42,76.0,3.3,2.8,-1,-1,-1,60,280,HO,182,399
4098,1,43,0,Open,10,-1,0,42,52.0,1.4E-45,1.4E-45,-1,-1,-1,60,280,HO,146,258
4099,1,42,0,Open,10,-1,0,41,70.0,4.5,3.1,-1,-1,-1,60,280,HO,156,1022
4100,1,42,0,Open,10,-1,0,41,70.0,4.4,3.4,-1,-1,-1,60,280,HO,181,993
4101,1,40,0,Open,10,-1,0,39,64.0,5.3,3.2,-1,-1,-1,60,280,HO,201,273
4102,1,39,0,Open,10,-1,0,38,64.0,5.2,3.3,-1,-1,-1,60,280,HO,216,1143
4103,1,39,0,Open,10,-1,0,38,64.0,3.7,3.6,-1,-1,-1,60,280,HO,158,944
4104,1,38,0,Open,10,-1,0,37,72.0,4.3,3.6,-1,-1,-1,60,280,HO,297,854
4105,1,37,0,Open,10,-1,0,36,72.0,3.9,3.4,-1,-1,-1,60,280,HO,457,964
4106,1,36,0,Open,10,-1,0,35,76.0,3.9,3.6,-1,-1,-1,60,280,HO,211,399
4107,1,36,0,Open,10,-1,0,35,64.0,4.6,3.8,-1,-1,-1,60,280,HO,358,1167
4108,1,34,0,Open,10,-1,0,33,58.0,5.2,4.1,-1,-1,-1,60,280,HO,257,82
4109,1,33,0,Open,10,-1,0,32,58.0,1.4E-45,1.4E-45,-1,-1,-1,60,280,HO,157,302
4110,1,33,0,Open,10,-1,0,32,72.0,1.4E-45,1.4E-45,-1,-1,-1,60,280,HO,191,1012
4111,1,32,0,Open,10,-1,0,31,86.0,1.4E-45,1.4E-45,-1,-1,-1,60,280,HO,250,1083
4112,1,31,0,Open,10,-1,0,30,80.0,1.4E-45,1.4E-45,-1,-1,-1,60,280,HO,395,345
4113,1,28,0,Open,10,-1,0,27,72.0,1.4E-45,1.4E-45,-1,-1,-1,60,280,HO,389,979
4114,1,27,0,Open,10,-1,0,26,80.0,1.4E-45,1.4E-45,-1,-1,-1,60,280,HO,294,35
4115,1,27,0,Open,10,-1,0,26,54.0,1.4E-45,1.4E-45,-1,-1,-1,60,280,HO,266,1008
4116,1,26,0,Open,10,-1,0,25,56.0,1.4E-45,1.4E-45,-1,-1,-1,60,280,HO,117,405
4117,1,23,0,Open,10,-1,0,22,66.0,1.4E-45,1.4E-45,-1,-1,-1,60,280,HO,145,883
4118,1,23,0,Open,10,-1,0,22,76.0,1.4E-45,1.4E-45,-1,-1,-1,60,280,HO,-20,5
4119,1,22,0,Open,10,-1,0,21,36.0,1.4E-45,1.4E-45,-1,-1,-1,60,280,HO,256,900
4120,1,22,0,Open,10,-1,0,21,56.0,1.4E-45,1.4E-45,-1,-1,-1,60,280,HO,235,154
4121,1,21,0,Open,10,-1,0,20,60.0,1.4E-45,1.4E-45,-1,-1,-1,60,280,HO,134,533
4122,1,21,0,Open,10,-1,0,20,68.0,1.4E-45,1.4E-45,-1,-1,-1,60,280,HO,389,874
4123,1,20,0,Open,10,-1,0,19,76.0,1.4E-45,1.4E-45,-1,-1,-1,60,280,HO,443,796
4124,1,19,0,Open,10,-1,0,18,1.4E-45,1.4E-45,1.4E-45,-1,-1,-1,60,280,HO,250,678
4125,1,18,0,Open,10,-1,0,17,56.0,1.4E-45,1.4E-45,-1,-1,-1,60,280,HO,425,458
4126,1,18,0,Open,10,-1,0,17,64.0,1.4E-45,1.4E-45,-1,-1,-1,60,280,HO,270,838
4127,1,17,0,Open,10,-1,0,16,62.0,1.4E-45,1.4E-45,-1,-1,-1,60,280,HO,328,521
4128,1,15,0,Open,10,-1,0,14,52.0,1.4E-45,1.4E-45,-1,-1,-1,60,280,HO,224,831
4129,1,15,0,Open,10,-1,0,14,60.0,1.4E-45,1.4E-45,-1,-1,-1,60,280,HO,52,953
4130,1,15,0,Open,10,-1,0,14,28.0,1.4E-45,1.4E-45,-1,-1,-1,60,280,HO,73,91
4131,1,14,0,Open,10,-1,0,13,68.0,1.4E-45,1.4E-45,-1,-1,-1,60,280,HO,172,598
4132,1,14,0,Open,10,-1,0,13,60.0,1.4E-45,1.4E-45,-1,-1,-1,60,280,HO,261,741
4133,1,14,0,Open,10,-1,0,13,62.0,1.4E-45,1.4E-45,-1,-1,-1,60,280,HO,130,232
4134,1,13,0,Open,10,-1,0,12,72.0,1.4E-45,1.4E-45,-1,-1,-1,60,280,HO,186,21
4135,1,13,0,Open,10,-1,0,12,46.0,1.4E-45,1.4E-45,-1,-1,-1,60,280,HO,221,543
4136,1,13,0,Open,10,-1,0,12,56.0,1.4E-45,1.4E-45,-1,-1,-1,60,280,HO,214,693
4137,1,13,0,Open,10,-1,0,12,68.0,1.4E-45,1.4E-45,-1,-1,-1,60,280,HO,201,860
4138,1,12,0,Open,10,-1,0,11,56.0,1.4E-45,1.4E-45,-1,-1,-1,60,280,HO,402,1008
4139,1,11,0,Open,10,-1,0,10,48.0,1.4E-45,1.4E-45,-1,-1,-1,60,280,HO,119,337
4140,1,9,0,Open,10,-1,0,8,50.0,1.4E-45,1.4E-45,-1,-1,-1,60,280,HO,274,729
4142,1,8,0,Open,10,-1,0,7,46.0,1.4E-45,1.4E-45,-1,-1,-1,60,280,HO,202,103
4143,1,8,0,Open,10,-1,0,7,52.0,1.4E-45,1.4E-45,-1,-1,-1,60,280,HO,203,664
4144,1,8,0,Open,10,-1,0,7,52.0,1.4E-45,1.4E-45,-1,-1,-1,60,280,HO,184,167
4145,1,7,0,Open,10,-1,0,6,52.0,1.4E-45,1.4E-45,-1,-1,-1,60,280,HO,468,1057
4146,1,5,0,Open,10,-1,0,4,34.0,1.4E-45,1.4E-45,-1,-1,-1,60,280,HO,163,63
4147,1,5,0,Open,10,-1,0,4,44.0,1.4E-45,1.4E-45,-1,-1,-1,60,280,HO,112,1169
