Index,Lact#,DIM,DaysSBrd,DaysTilNxtHt,DaysTilDue,DaysDry,Repr,DIM_Tst,Milk,Fat%,Pro%,SCCAct,Proj305MEM,Rat,Stat,Brd,Merit$,HfrMerit$
5,3,208,27,16,254,,,207,70,3.6,2.9,,23116,D,2,HO,121,
74,9,78,5,17,276,,,77,84,3,2.7,,25576,C,2,HO,-54,
156,3,287,216,,65,,P,286,48,3.7,3,,29889,A,2,HO,196,
162,9,246,,,,,C,245,48,4.2,2.7,,17045,E,2,HO,58,
174,3,170,39,4,242,,,169,116,2.2,2.5,,33206,B,2,HO,136,
197,2,357,211,,70,,P,356,44,4.6,3.3,,28440,B,2,HO,164,
266,3,100,9,13,272,,,99,106,3.8,3.1,,23850,B,2,HO,440,
276,8,294,250,,31,28,P,294,,,,,24127,C,1,HO,77,
279,7,444,244,,37,85,P,444,,,,,30517,A,1,HO,,
348,9,149,31,12,250,,,148,78,4.2,2.6,,23960,C,2,HO,-20,
386,3,119,47,,234,,P,118,112,2.4,2.5,,26356,C,2,HO,112,
517,2,224,106,,175,,P,223,54,3.4,2.8,,26787,C,2,HO,200,
519,7,58,,,,,,57,108,3.6,2.9,,,,2,HO,200,
615,2,288,194,,87,,P,287,32,3.5,3.4,,28039,C,2,HO,20,
653,2,264,222,,59,28,P,264,,,,,23609,D,1,HO,237,
751,7,258,100,,181,,P,257,60,3.4,2.9,,27187,C,2,HO,-46,
777,2,70,,,,,,69,100,2.8,2.8,,29406,B,2,HO,93,
845,2,87,12,10,269,,,86,84,2.9,2.8,,24304,D,2,HO,254,
846,7,278,190,,91,,P,277,50,2.9,3.1,,26072,C,2,HO,181,
847,7,277,131,,150,,P,276,70,6.1,4.7,,27569,C,2,HO,-41,
865,6,347,155,,126,,P,346,56,3.1,3.3,,28485,B,2,HO,-28,
867,5,201,127,,154,,P,200,66,3.3,3.1,,24592,D,2,HO,-33,
1017,7,232,120,,161,,P,231,88,3,2.8,,31113,B,2,HO,195,
1035,1,427,,,,,C,426,60,4.4,3.3,,,X,7,HO,,
1048,7,153,,,,,C,152,78,3.3,2.8,,22281,D,2,HO,,
1058,6,294,229,,52,7,P,294,,,,,27718,B,1,HO,232,
1163,6,297,229,,52,7,P,297,,,,,31028,B,1,HO,,
1233,6,309,176,,105,,P,308,38,3.7,3.3,,18906,E,2,HO,-8,
1245,6,313,242,,39,21,P,313,,,,,27364,C,1,HO,142,
1307,6,283,118,,163,,P,282,50,3,3,,26103,C,2,HO,-132,
1311,5,297,149,,132,,P,296,60,4,3.6,,30084,A,2,HO,,166
1328,5,345,145,,136,,P,344,64,4.6,3.1,,23680,D,2,HO,,39
1331,1,210,102,,179,,P,209,64,3.6,3.2,,,X,7,HO,,
1344,6,293,98,,185,,P,292,46,3,3.3,,21727,C,2,AY,,
1356,6,270,194,,87,,P,269,36,3.9,2.9,,17563,E,2,HO,,
1379,5,198,41,2,240,,,197,64,4.3,3.1,,20396,D,2,HO,,
1412,6,162,66,,215,,P,161,84,3.1,3.2,,28266,B,2,HO,47,
1416,5,422,61,,220,,P,421,84,4.2,3.5,,27326,A,2,HO,30,
1436,6,58,,,,,,57,128,3.4,3.1,,,,2,HO,264,
1447,5,279,180,,101,,P,278,56,4.1,3.9,,20939,E,2,HO,,-26
1464,5,518,221,,60,,P,517,60,3.3,3.4,,30950,A,2,HO,25,
1477,5,337,236,,45,14,P,337,,,,,24521,D,1,HO,-179,
1500,6,91,19,3,262,,,90,94,3.8,3,,23121,C,2,HO,4,
1505,5,85,12,10,269,,,84,128,3.3,2.4,,31248,A,2,HO,-19,
1508,5,285,,,,,C,284,40,4,3.3,,29673,A,2,HO,319,
1509,5,303,,,,,C,302,58,3.6,3.4,,18379,E,2,HO,-8,
1520,6,25,,,,,,24,92,,,,,,2,HO,21,
1530,5,186,13,9,268,,,185,34,3.3,2.6,,21947,E,2,HO,125,
1542,5,300,264,,17,42,P,300,,,,,30837,A,1,HO,-48,
1549,5,277,88,,193,,P,276,56,3,2.9,,32076,B,2,HO,80,
1554,5,226,,,,,C,225,72,5.1,3.5,,19892,D,2,HO,162,
1573,5,220,50,14,,,N,219,72,3.6,3,,30239,B,2,HO,190,
1611,5,310,239,,42,28,P,310,,,,,22715,D,1,HO,-5,
1627,5,182,18,4,263,,,181,72,3.7,3,,23562,D,2,HO,-43,
1644,5,243,11,11,270,,,242,60,3.7,3.2,,23247,D,2,HO,51,
1647,5,272,77,,206,,P,271,48,4.5,3.6,,21553,C,2,XX,-132,
1654,5,317,126,,155,,P,316,72,3.3,2.7,,26342,D,2,HO,128,
1662,5,287,215,,68,,P,286,22,3.1,3.2,,21439,C,2,XX,117,
1679,5,193,80,,201,,P,192,2,3.3,2.8,,32288,A,2,HO,-52,
1694,5,8,,,,,,7,94,,,,,,2,HO,,-94
1695,5,136,,,,,C,135,56,3,3.6,,16334,D,2,JE,157,
1703,5,340,159,,122,,P,339,70,3.7,3.4,,30210,B,2,HO,,-17
1722,5,252,160,,121,,P,251,16,3.4,3,,18112,E,2,HO,-93,
1748,4,328,247,,34,56,P,328,,,,,31475,A,1,HO,99,
1756,4,413,173,,108,,P,412,32,5,4,,31518,A,2,HO,438,
1761,4,242,166,,115,,P,241,38,3.8,3.6,,17494,E,2,HO,277,
1771,5,247,173,,108,,P,246,76,3.5,3,,25632,C,2,HO,190,
1773,5,252,137,,144,,P,251,72,3.1,2.9,,27200,C,2,HO,-1,
1775,4,289,97,,184,,P,288,64,4.3,3.4,,26197,B,2,HO,145,
1786,4,166,82,,199,,P,165,112,2.9,2.7,,26837,D,2,HO,52,
1814,5,195,53,,228,,P,194,64,3.8,3.2,,23446,C,2,HO,181,
1820,5,240,145,,138,,P,239,96,4.1,3.2,,30871,A,2,XX,220,
1852,4,340,271,,10,56,P,340,,,,,25499,C,1,HO,66,
1858,4,330,163,,118,,P,329,80,4.3,3.6,,29131,B,2,HO,54,
1861,5,81,5,17,276,,,80,114,1.9,2.7,,,,2,HO,83,
1864,5,189,,,,,C,188,64,3.7,3.2,,23156,D,2,HO,140,
1872,4,250,,,,,C,249,86,3.4,2.9,,25138,D,2,HO,104,
1880,5,3,,,,,,2,,,,,,,2,HO,77,
1884,4,51,,,,,,50,100,5.6,2.6,,,,2,XX,,-25
1901,4,270,222,,59,28,P,270,,,,,21576,D,1,HO,,
1911,5,22,,,,,,21,102,,,,,,2,XX,,
1925,4,309,138,,143,,P,308,76,4.1,3.4,,28261,B,2,HO,225,
1931,5,4,,,,,,3,34,,,,,,2,HO,156,
1954,4,316,126,,155,,P,315,76,3.1,2.7,,27513,D,2,HO,-45,
1966,4,178,66,,215,,P,177,122,2.8,2.6,,34210,A,2,HO,230,
1970,4,363,214,,67,,P,362,66,4.3,3.4,,32596,A,2,HO,242,
1974,4,342,27,16,254,,,341,64,5.2,3.7,,33006,A,2,HO,223,
1975,4,309,242,,39,28,P,309,,,,,24323,C,1,HO,114,
1985,4,297,257,,24,35,P,297,,,,,30306,B,1,HO,270,
1986,4,225,26,17,255,,,224,64,4.1,3.4,,22982,C,2,HO,,
1987,5,101,26,17,255,,,100,116,3.5,2.7,,24342,C,2,HO,55,
1993,5,78,5,17,276,,,77,96,4.7,2.9,,24560,B,2,HO,,22
1995,4,274,201,,80,,P,273,54,4.2,3.5,,29156,A,2,HO,260,
2010,4,337,247,,34,28,P,337,,,,,33639,B,1,HO,173,
2011,4,283,208,,73,,P,282,46,4.3,2.9,,27754,B,2,HO,-79,
2020,5,9,,,,,,8,80,,,,,,2,HO,,194
2021,4,302,266,,14,56,P,302,,,,,22605,A,1,JE,-73,
2027,4,272,96,,185,,P,271,72,3.3,3.6,,28307,B,2,HO,,185
2031,4,321,171,,110,,P,320,38,3.2,3.3,,29183,B,2,HO,,-64
2036,4,156,40,3,243,,,155,94,3.3,3.1,,24068,B,2,XX,68,
2040,4,300,237,,44,28,P,300,,,,,26438,B,1,HO,208,
2057,4,47,,,,,,46,120,3.1,3.1,,,,2,HO,23,
2072,4,244,173,,110,,P,243,64,4.3,3.6,,20615,C,2,XX,,
2076,4,97,5,17,275,,,96,74,4.3,3.2,,19519,B,2,JE,147,
2080,4,174,12,10,269,,,173,80,3,3,,25620,C,2,HO,79,
2083,4,273,257,,24,56,P,273,,,,,21210,E,1,HO,235,
2088,4,315,248,,33,56,P,315,,,,,26830,B,1,HO,174,
2089,5,17,,,,,,16,100,,,,,,2,HO,294,
2090,4,295,,,,,C,294,72,4,3.4,,25534,A,2,JE,,21
2091,4,319,241,,40,21,P,319,,,,,23589,D,1,HO,151,
2094,4,298,222,,59,,P,297,16,4,3.3,,20735,E,2,HO,92,
2104,4,292,271,,10,49,P,292,,,,,27997,B,1,HO,180,
2106,4,292,264,,17,42,P,292,,,,,24063,D,1,HO,,-86
2108,4,277,196,,87,,P,276,72,4.2,3.4,,24153,B,2,XX,395,
2115,4,210,138,,143,,P,209,36,3.1,3,,20441,E,2,HO,231,
2126,4,239,166,,115,,P,238,48,4,3.2,,23907,D,2,HO,213,
2127,4,293,134,,147,,P,292,74,3.8,3.4,,30044,B,2,HO,,
2132,4,158,30,13,251,,,157,88,2.8,2.9,,30592,B,2,HO,,
2134,4,235,52,,229,,P,234,104,3.1,3.2,,26916,C,2,HO,283,
2138,4,49,,,,,,48,112,2.5,2.9,,,,2,HO,174,
2143,5,142,68,,213,,P,141,106,2.9,2.9,,27470,C,2,HO,145,
2144,3,259,188,,93,,P,258,56,4,2.8,,27309,B,2,HO,280,
2154,4,291,111,,170,,P,290,80,3.9,3.2,,25896,B,2,HO,263,
2155,4,295,200,,81,28,P,295,,,,,21335,E,1,HO,-10,
2159,3,384,192,,89,28,P,384,,,,,29334,B,1,HO,-109,
2160,4,251,180,,101,,P,250,44,2.7,2.8,,24212,E,2,HO,107,
2161,4,273,156,,125,,P,272,48,4.2,3.9,,25118,B,2,HO,330,
2162,4,239,79,,202,,P,238,80,3.5,2.9,,25736,C,2,HO,158,
2166,4,294,166,,115,,P,293,34,4.5,3.5,,22265,D,2,HO,125,
2172,4,280,182,,99,,P,279,40,2.9,2.6,,26644,D,2,HO,64,
2175,4,272,109,,172,,P,271,40,2.8,3,,21891,D,2,HO,266,
2176,4,178,103,,180,,P,177,56,3.6,3.1,,15039,E,2,AY,,
2178,4,46,,,,,,45,28,3.1,4.5,,,,2,HO,,
2179,4,187,13,9,268,,,186,80,4.3,3.3,,23644,B,2,HO,338,
2190,4,259,92,,189,,P,258,64,3.5,2.9,,29111,B,2,HO,167,
2195,4,260,187,,94,,P,259,44,4.5,3.5,,23293,C,2,HO,158,
2207,4,257,187,,96,,P,256,76,3.9,2.9,,30454,A,2,XX,243,
2208,4,23,,,,,,22,126,,,,,,2,HO,183,
2209,4,274,115,,166,,P,273,,,,,27539,C,2,HO,61,
2212,4,290,215,,66,,P,289,20,4.1,3.3,,22700,D,2,HO,237,
2216,4,261,187,,94,,P,260,66,3.5,3.4,,28552,B,2,HO,350,
2220,3,296,264,,17,42,P,296,,,,,34517,A,1,HO,434,
2222,4,124,28,15,253,,,123,70,5.1,3.2,,18267,E,2,HO,263,
2233,3,414,236,,45,28,P,414,,,,,31695,A,1,HO,181,
2235,4,254,122,,159,,P,253,44,5.3,3.8,,22211,D,2,HO,194,
2240,4,161,41,2,240,,,160,92,4,3.3,,25473,B,2,HO,317,
2243,4,255,,,,,C,254,84,3.1,3.1,,28476,C,2,HO,258,
2251,4,257,,,,,C,256,68,4.1,2.5,,25240,A,2,JE,106,
2256,4,172,96,,185,,P,171,58,4.8,3,,23211,D,2,HO,127,
2257,4,161,27,16,254,,,160,80,4.2,3.3,,29094,A,2,HO,122,
2259,4,245,173,,110,,P,244,56,4.1,3,,23132,B,2,XX,205,
2261,4,173,9,13,274,,,172,88,4.2,3.4,,25669,A,2,XX,-14,
2272,3,188,113,,168,,P,187,84,3.4,3.1,,26466,C,2,HO,318,
2273,4,167,82,,198,,P,166,80,3.1,3,,24980,A,2,JE,,109
2277,4,166,82,,199,,P,165,116,3.7,2.9,,31253,A,2,HO,-35,
2284,4,241,166,,115,,P,240,64,3,3.1,,27464,C,2,HO,258,
2290,4,61,,,,,,60,76,3.7,3.3,,,,2,HO,235,
2291,4,211,143,,140,,P,210,80,4,3.1,,24833,B,2,XX,170,
2305,4,64,,,,,,63,116,2.9,2.9,,24839,C,2,HO,43,
2312,4,155,11,11,270,,,154,96,3.4,3.2,,25842,B,2,HO,362,
2321,4,221,145,,136,,P,220,76,2.4,2.9,,22398,E,2,HO,88,
2322,3,302,,,,,C,301,76,4.4,3.4,,34402,A,2,HO,239,
2324,4,215,145,,138,,P,214,68,3.6,2.9,,27504,A,2,XX,267,
2326,4,218,115,,166,,P,217,40,4.2,3.1,,24017,C,2,HO,192,
2327,4,191,117,,164,,P,190,56,4.2,3.3,,21551,D,2,HO,272,
2330,4,173,61,,220,,P,172,80,5.1,3.2,,28558,A,2,HO,152,
2332,4,51,,,,,,50,116,3.2,2.9,,,,2,HO,127,
2334,4,219,145,,136,,P,218,44,3.8,3,,18363,E,2,HO,171,
2335,4,214,138,,143,,P,213,76,3.3,3.2,,23565,D,2,HO,157,
2336,4,199,56,,225,,P,198,12,3.9,3.4,,25188,C,2,HO,,-79
2341,3,251,180,,103,,P,250,24,2.7,3.2,,17328,E,2,XX,64,
2343,4,206,131,,150,,P,205,82,3,2.8,,25433,D,2,HO,155,
2345,3,365,272,,9,49,P,365,,,,,31346,A,1,HO,,
2346,4,110,40,3,241,,,109,76,2.2,2.9,,24543,D,2,HO,114,
2348,4,46,,,,,,45,102,4.2,3.3,,,,2,HO,286,
2350,4,58,,,,,,57,108,6.3,3.2,,,,2,HO,358,
2351,4,22,,,,,,21,94,,,,,,2,HO,120,
2355,3,357,277,,4,56,P,357,,,,,34518,A,1,HO,300,
2358,4,89,19,3,262,,,88,112,2.6,2.7,,28014,C,2,HO,215,
2361,4,156,,,,,C,155,64,5.1,3.2,,20071,B,2,XX,,95
2362,4,175,103,,180,,P,174,44,3.8,3.3,,18631,D,2,XX,,-42
2363,4,100,26,17,257,,,99,92,3.5,3,,24976,A,2,XX,,88
2373,4,175,40,3,243,,,174,76,4.2,3.3,,21885,B,2,XX,-45,
2392,4,157,82,,199,,P,156,52,4,3.2,,22519,C,2,HO,128,
2397,3,240,8,14,273,,,239,96,1.7,3.3,,30382,C,2,HO,-24,
2398,3,322,,,,,C,321,80,2.5,3.1,,27390,C,2,HO,254,
2399,4,75,5,17,276,,,74,104,3,2.8,,24436,C,2,HO,259,
2401,3,376,262,,19,56,P,376,,,,,31662,A,1,HO,343,
2410,4,136,61,,220,,P,135,76,3.2,3,,21180,D,2,HO,99,
2411,3,319,256,,25,56,P,319,,,,,27292,C,1,HO,,56
2413,4,76,5,17,276,,,75,92,2.8,2.8,,24878,C,2,HO,110,
2415,4,117,3,19,277,,,116,64,3.4,3.5,,22213,A,2,JE,194,
2426,3,289,237,,44,21,P,289,,,,,29837,A,1,HO,279,
2431,4,174,23,20,258,,,173,66.8,5,3.4,,21453,C,2,HO,162,
2433,4,151,75,,205,,P,150,60,3.4,3.8,,23942,A,2,JE,95,
2434,3,347,248,,33,28,P,347,,,,,25245,D,1,HO,146,
2437,4,40,,,,,,39,106,4.4,3.7,,,,2,XX,91,
2441,3,214,17,5,264,,,213,100,3.6,3,,32772,A,2,HO,289,
2444,4,3,,,,,,2,,,,,,,2,HO,,43
2449,3,288,215,,66,,P,287,34,4.8,3.9,,27143,B,2,HO,95,
2451,3,228,54,,227,,P,227,32,3.1,3.3,,25324,D,2,HO,158,
2459,3,258,187,,94,,P,257,52,5,3.2,,28090,B,2,HO,299,
2463,4,152,82,,199,,P,151,100,3,3,,29445,B,2,HO,,-30
2465,4,30,,,,,,29,96,,,,,,2,HO,,-70
2470,3,208,24,19,257,,,207,100,3,2.9,,30305,B,2,HO,191,
2474,3,304,185,,96,28,P,304,,,,,21418,D,1,HO,40,
2481,3,360,253,,28,35,P,360,,,,,28270,B,1,HO,78,
2482,3,375,,,,,C,374,40,3.8,2.8,,22425,D,2,HO,49,
2485,3,282,264,,17,56,P,282,,,,,24559,D,1,HO,124,
2496,3,283,185,,98,28,P,283,,,,,19248,D,1,XX,74,
2497,3,298,140,,141,,P,297,44,3.7,3.2,,25046,C,2,HO,-125,
2501,4,41,,,,,C,40,106,3.7,3.2,,,,2,HO,74,
2503,3,298,285,,-4,63,P,298,,,,,27579,C,1,HO,315,
2507,4,67,,,,,,66,110,4.1,2.5,,27629,B,2,HO,111,
2512,3,334,222,,59,,P,333,34,3.8,3.3,,26767,B,2,HO,271,
2515,3,261,166,,115,,P,260,58,3.7,2.9,,31771,A,2,HO,264,
2520,3,346,,,,,C,345,56,3.1,3.1,,31126,A,2,HO,181,
2521,4,35,,,,,,34,92,5.3,4.3,,,,2,XX,201,
2522,3,320,110,,171,,P,319,66,5,3.4,,30938,A,2,HO,201,
2525,3,276,44,20,237,,,275,68,4.2,3.2,,27286,C,2,HO,220,
2526,4,63,,,,,,62,82,4.7,3.3,,20921,D,2,HO,9,
2528,4,13,,,,,,12,92,,,,,,2,HO,150,
2530,3,352,180,,101,28,P,352,,,,,26963,C,1,HO,100,
2531,4,13,,,,,,12,88,,,,,,2,HO,128,
2536,4,106,33,10,248,,,105,86,2.6,2.9,,20705,E,2,HO,-136,
2542,3,271,57,,224,,P,270,76,3.4,3.5,,30376,B,2,HO,168,
2543,3,295,257,,24,35,P,295,,,,,32812,A,1,HO,252,
2546,3,258,251,,30,91,P,258,,,,,22256,D,1,HO,146,
2547,3,359,,,,,C,358,74,4,3.4,,32813,A,2,HO,263,
2550,3,242,78,,203,,P,241,84,3.3,3,,31526,A,2,HO,211,
2552,3,352,,,,,C,351,40,3,3,,31387,B,2,HO,73,
2554,3,234,159,,122,,P,233,68,4.5,3.4,,28453,A,2,HO,254,
2558,3,205,38,5,243,,,204,76,4.5,3.4,,23731,D,2,HO,10,
2559,4,42,,,,,,41,104,4.2,3.4,,,,2,HO,62,
2560,4,71,,,,,,70,104,2.9,2.6,,24779,C,2,HO,210,
2562,3,350,241,,40,28,P,350,,,,,31219,A,1,HO,279,
2563,3,327,271,,10,56,P,327,,,,,20625,E,1,HO,-81,
2568,3,258,164,,117,,P,257,60,3.9,3.2,,24711,C,2,HO,192,
2569,3,296,222,,59,,P,295,22,3.5,3.5,,27131,B,2,HO,156,
2570,4,297,236,,45,14,P,297,,,,,26982,C,1,HO,51,
2575,3,371,271,,10,49,P,371,,,,,29586,B,1,HO,194,
2576,3,252,180,,101,,P,251,36,3.6,2.8,,22558,E,2,HO,156,
2581,3,45,,,,,,44,112,3.2,3.2,,,,2,HO,70,
2582,3,302,207,,74,,P,301,42,5,3.9,,32547,A,2,HO,303,
2583,3,284,86,,195,,P,283,52,3.8,3.1,,22065,D,2,HO,53,
2584,3,408,207,,74,,P,407,42,4.1,3.2,,29858,B,2,HO,97,
2586,3,308,,,,,C,307,40,4.9,3.5,,26746,B,2,HO,263,
2587,3,275,,,,,C,274,48,2.9,2.7,,21188,E,2,HO,,14
2592,4,43,,,,,C,42,60,,,,,,2,HO,258,
2596,3,229,16,6,265,,,228,80,3.2,3,,34048,A,2,HO,140,
2599,4,8,,,,,,7,80,,,,,,2,HO,274,
2600,3,171,64,,217,,P,170,96,2.8,2.9,,29442,B,2,HO,328,
2601,3,318,200,,81,,P,317,28,3.7,3.2,,29410,B,2,HO,157,
2605,3,294,243,,38,21,P,294,,,,,31268,B,1,HO,149,
2606,3,345,215,,66,28,P,345,,,,,20360,E,1,HO,127,
2608,3,144,68,,213,,P,143,100,3.3,2.8,,26274,C,2,HO,235,
2609,3,292,264,,17,42,P,292,,,,,28459,B,1,HO,200,
2610,3,276,159,,122,,P,275,56,5.4,3.9,,27251,B,2,HO,159,
2611,3,285,144,,137,,P,284,48,4.1,3.4,,26413,C,2,HO,176,
2614,3,306,180,,101,,P,305,12,4,3.2,,18851,E,2,HO,319,
2617,4,42,,,,,,41,104,4.4,3.2,,,,2,HO,142,
2618,3,302,173,,108,,P,301,48,4.3,3.3,,21481,D,2,HO,46,
2619,3,318,139,,142,,P,317,32,3.6,3.3,,23921,D,2,HO,148,
2623,3,325,184,,97,,P,324,40,3.6,3,,28803,C,2,HO,-4,
2625,3,248,264,,17,91,P,248,,,,,19781,E,1,HO,98,
2627,4,43,,,,,,42,92,4.4,3.4,,,,2,HO,106,
2630,3,273,,,,,C,272,44,4.1,3.4,,25978,C,2,HO,199,
2632,3,228,152,,129,,P,227,88,3.4,3.4,,32099,A,2,HO,51,
2639,3,259,64,,217,,P,258,76,3.7,3.2,,27371,B,2,HO,288,
2643,3,244,173,,108,,P,243,52,4.7,3.8,,22438,D,2,HO,147,
2648,3,190,94,,187,,P,189,86,3.9,3,,26424,B,2,HO,234,
2651,3,216,7,15,274,,,215,100,4.3,2.9,,30055,A,2,HO,176,
2653,2,363,136,,145,,P,362,68,4,3.2,,31353,A,2,HO,74,
2654,3,366,180,,101,,P,365,28,4.1,3.1,,28990,B,2,HO,208,
2656,3,297,243,,38,21,P,297,,,,,30802,B,1,HO,227,
2657,2,357,191,,90,,P,356,52,3.7,3.4,,38409,A,2,HO,202,
2658,3,9,,,,,,8,,,,,,,2,HO,104,
2661,3,270,194,,87,,P,269,40,3.1,2.7,,29669,C,2,HO,-46,
2662,3,295,271,,10,49,P,295,,,,,26296,B,1,HO,156,
2663,3,255,208,,72,28,P,255,,,,,17318,D,1,JE,,-56
2666,2,388,,,,,C,387,50,3.8,3.1,,24893,C,2,HO,-2,
2667,3,212,58,,223,,P,211,76,4.6,3.3,,25038,C,2,HO,-14,
2668,3,298,257,,26,35,P,298,,,,,29150,A,1,XX,126,
2671,3,270,222,,59,28,P,270,,,,,19753,D,1,HO,97,
2672,3,294,250,,33,28,P,294,,,,,30173,A,1,XX,128,
2673,3,283,208,,73,,P,282,36,3.6,3.2,,19166,E,2,HO,266,
2674,3,183,19,3,262,,,182,132,2.5,2.7,,31401,B,2,HO,169,
2675,3,294,250,,30,28,P,294,,,,,16179,D,1,JE,156,
2677,3,260,187,,94,,P,259,68,3.1,3.1,,33221,A,2,HO,144,
2678,3,298,257,,24,35,P,298,,,,,30127,B,1,HO,117,
2679,3,291,222,,59,28,P,291,,,,,21720,E,1,HO,2,
2683,3,295,179,,102,,P,294,40,2.8,3.1,,29177,B,2,HO,193,
2686,3,229,58,,223,,P,228,28,3,2.9,,18735,E,2,HO,-24,
2687,3,291,243,,37,28,P,291,,,,,17083,C,1,JE,81,
2689,3,193,3,19,278,,,192,72,3.1,2.7,,23519,D,2,HO,123,
2690,3,265,52,,229,,P,264,80,3.9,3.2,,30131,A,2,HO,273,
2693,2,411,,,,,C,410,40,4.7,3.8,,36761,A,2,HO,302,
2695,3,329,,,,,C,328,36,4.9,3.4,,28347,A,2,HO,176,
2697,3,295,229,,52,7,P,295,,,,,31112,B,1,HO,285,
2699,3,231,159,,122,,P,230,86,4.3,3.1,,33524,A,2,HO,286,
2701,3,227,152,,129,,P,226,64,3.6,2.9,,27601,C,2,HO,,146
2702,3,117,48,,233,,P,116,112,3.2,2.9,,27799,B,2,HO,-30,
2703,3,211,15,7,266,,,210,86,3.3,2.8,,27057,C,2,HO,-14,
2707,3,289,243,,38,28,P,289,,,,,29160,B,1,HO,298,
2715,3,115,40,3,241,,,114,108,2.8,2.7,,31313,B,2,HO,31,
2716,3,292,229,,52,7,P,292,,,,,27404,C,1,HO,193,
2717,3,188,117,,164,,P,187,100,3,3,,31138,A,2,HO,,
2719,3,210,138,,143,,P,209,96,2.7,2.9,,28804,B,2,HO,129,
2720,3,258,187,,94,,P,257,82,4.1,2.6,,33113,A,2,HO,263,
2721,3,292,222,,59,,P,291,38,3,3.1,,27705,B,2,HO,229,
2725,3,293,222,,59,,P,292,44,4.3,3.5,,29265,B,2,HO,57,
2731,3,126,5,17,276,,,125,88,2.9,2.5,,25177,D,2,HO,111,
2732,3,293,236,,45,14,P,293,,,,,30543,A,1,HO,380,
2733,3,214,135,,146,,P,213,60,3.5,3.1,,24597,D,2,HO,171,
2734,3,214,119,,162,,P,213,60,2.7,3.4,,28790,C,2,HO,135,
2735,3,264,222,,59,28,P,264,,,,,15853,E,1,HO,74,
2739,3,302,207,,74,,P,301,58,4.4,3.5,,29553,A,2,HO,312,
2740,3,259,187,,94,,P,258,58,3.6,3.3,,26548,B,2,HO,247,
2745,3,291,,,,,C,290,56,3.2,3.3,,30446,B,2,HO,,180
2746,3,173,103,,178,,P,172,80,3.2,2.9,,24585,C,2,HO,69,
2750,3,283,184,,97,,P,282,68,3.8,3.2,,30907,A,2,HO,169,
2751,3,237,166,,115,,P,236,92,4.3,3.1,,30249,A,2,HO,149,
2752,3,189,30,13,251,,,188,66,3.1,3.1,,22406,D,2,HO,9,
2755,3,273,201,,80,,P,272,58,3.6,3.1,,28767,B,2,HO,216,
2756,3,225,74,,207,,P,224,80,3.8,3.2,,27005,B,2,HO,244,
2758,3,273,201,,80,,P,272,46,3,3,,27075,C,2,HO,94,
2762,3,227,129,,152,,P,226,76,3.8,3.1,,31322,A,2,HO,257,
2763,3,260,166,,115,,P,259,60,3.5,2.8,,28601,B,2,HO,183,
2765,3,268,71,,210,,P,267,72,3.7,3.3,,25769,B,2,HO,233,
2767,3,270,194,,87,,P,269,20,3.2,3.1,,21585,E,2,HO,,
2774,3,184,89,,192,,P,183,76,2.5,2.8,,25013,D,2,HO,,36
2775,3,181,38,5,245,,,180,92,3.1,2.9,,30813,A,2,XX,173,
2777,3,160,33,10,248,,,159,100,3,2.8,,28618,B,2,HO,54,
2780,3,263,187,,96,,P,262,48,3.8,3.2,,25473,B,2,XX,114,
2782,2,384,230,,51,28,P,384,,,,,31595,A,1,HO,309,
2790,2,451,279,,2,63,P,451,,,,,33710,A,1,HO,263,
2791,2,318,282,,-1,63,P,318,,,,,25799,C,1,HO,32,
2795,3,237,24,19,257,,,236,88,3,3.4,,30774,B,2,HO,235,
2799,3,108,33,10,248,,,107,100,2.9,2.8,,26359,C,2,HO,39,
2800,3,296,222,,59,,P,295,2,3.3,3.6,,28196,C,2,HO,,
2880,3,237,166,,115,,P,236,108,3,2.8,,32604,B,2,HO,208,
2911,4,100,27,16,254,,,99,80,4.4,3.1,,14319,E,2,HO,59,
2922,3,39,,,,,,38,108,3.6,3.3,,,,2,HO,156,
2966,4,47,,,,,,46,90,3,3.1,,,,2,HO,-47,
3001,3,248,173,,108,,P,247,24,3.8,3.2,,17040,E,2,HO,121,
3002,3,174,10,12,271,,,173,118,3.5,3,,31479,A,2,HO,322,
3006,3,221,145,,136,,P,220,64,3.4,2.9,,23208,D,2,HO,163,
3007,3,208,,,,,C,207,70,4,3.4,,26864,A,2,JE,223,
3009,3,208,138,,143,,P,207,78,3.3,2.9,,28003,C,2,HO,67,
3010,3,257,95,,188,,P,256,36,4.5,3.4,,16266,D,2,XX,35,
3011,3,238,142,,139,,P,237,12,3.6,3.1,,19406,E,2,HO,180,
3012,3,94,19,3,262,,,93,112,2.9,2.8,,26466,C,2,HO,160,
3015,3,186,66,,215,,P,185,40,4.3,4,,21889,D,2,HO,,127
3018,3,41,,,,,,40,122,4.7,3.4,,,,2,HO,333,
3019,3,243,104,,177,,P,242,80,3.5,3.3,,27868,B,2,HO,,259
3020,3,220,82,,199,,P,219,68,4.2,3.4,,28671,B,2,HO,207,
3023,3,186,110,,171,,P,185,56,4.8,3.2,,25594,D,2,HO,188,
3024,3,188,117,,163,,P,187,60,3.8,3.3,,17641,D,2,JE,,132
3025,3,213,138,,143,,P,212,52,4.7,3.1,,25905,B,2,HO,120,
3028,3,219,103,,178,,P,218,92,4,3.3,,27839,B,2,HO,,175
3029,3,191,117,,164,,P,190,76,3,3,,28289,C,2,HO,150,
3030,3,238,166,,115,,P,237,92,2.9,3.1,,29672,B,2,HO,245,
3034,3,163,89,,192,,P,162,68,3.1,3.1,,23462,D,2,HO,,259
3035,3,101,26,17,255,,,100,110,3.3,3.1,,27894,B,2,HO,,
3037,3,86,12,10,269,,,85,84,3.5,2.8,,21463,D,2,HO,,
3039,3,160,89,,192,,P,159,92,2.9,3,,28629,B,2,HO,133,
3042,3,208,30,13,251,,,207,56,1.8,3.2,,22218,E,2,HO,,149
3043,3,140,34,9,247,,,139,98,2.6,2.9,,26215,D,2,HO,,169
3045,3,193,117,,164,,P,192,76,4,3.2,,29453,A,2,HO,279,
3047,3,184,110,,171,,P,183,88,2.1,2.9,,26755,C,2,HO,-98,
3049,2,179,4,18,279,,,178,124,3.7,2.8,,29237,A,2,XX,136,
3050,3,18,,,,,,17,76,,,,,,2,HO,90,
3054,3,184,89,,192,,P,183,100,3.6,2.9,,31248,A,2,HO,163,
3056,2,322,40,3,241,,,321,78,4,3.2,,33746,A,2,HO,,
3058,3,154,83,,198,,P,153,108,3.1,2.8,,30433,B,2,HO,,
3059,3,106,7,15,274,,,105,64,6.3,2.7,,14252,E,2,HO,-2,
3060,3,195,124,,157,,P,194,72,3.3,2.8,,21878,D,2,HO,201,
3063,3,82,12,10,269,,,81,120,3.9,2.6,,28656,B,2,HO,205,
3064,3,132,40,3,241,,,131,106,2.1,2.9,,27078,C,2,HO,274,
3065,3,198,119,,162,,P,197,76,4.1,3.2,,24951,C,2,HO,106,
3067,3,187,117,,164,,P,186,72,3,3.2,,22768,E,2,HO,82,
3068,3,115,40,3,241,,,114,104,3.4,3,,27102,B,2,HO,148,
3070,3,107,10,12,271,,,106,100,2.2,3.2,,24154,D,2,HO,369,
3071,3,150,75,,206,,P,149,112,3.1,2.9,,30663,A,2,HO,137,
3072,3,209,82,,199,,P,208,72,2.8,2.9,,24845,D,2,HO,22,
3077,3,73,,,,,,72,76,3.7,3.1,,21985,D,2,HO,,
3078,3,70,,,,,,69,106,3.2,2.9,,25905,C,2,HO,297,
3085,3,41,,,,,,40,112,3.9,3.1,,,,2,HO,,116
3086,3,179,40,3,241,,,178,60,3.1,2.9,,22253,D,2,HO,,
3089,2,334,12,10,269,,,333,72,3,3.3,,37115,A,2,HO,-26,
3090,4,174,78,,203,,P,173,68,3.2,3.2,,27129,B,2,HO,167,
3093,3,153,16,6,265,,,152,100,3.2,3,,27985,B,2,HO,230,
3095,3,98,26,17,255,,,97,84,2.7,2.7,,22651,E,2,HO,233,
3097,3,66,,,,,,65,90,4.4,2.7,,25741,B,2,HO,100,
3098,3,141,16,6,267,,,140,92,3.5,2.9,,26041,A,2,XX,-19,
3101,2,369,169,,112,,P,368,20,3.8,3.6,,29599,B,2,HO,67,
3103,3,140,47,,234,,P,139,84,4,3.2,,26759,B,2,HO,231,
3107,3,76,5,17,276,,,75,104,3.1,2.8,,27695,B,2,HO,109,
3108,3,164,6,16,277,,,163,48,3.1,3.5,,16941,D,2,XX,51,
3111,2,346,224,,57,7,P,346,,,,,32957,A,1,HO,,-113
3114,2,351,238,,43,21,P,351,,,,,31906,A,1,HO,417,
3116,3,87,12,10,269,,,86,104,3.4,2.8,,28142,B,2,HO,159,
3117,3,144,29,14,252,,,143,96,3.3,2.9,,26901,C,2,HO,138,
3118,3,109,33,10,248,,,108,92,3.5,2.8,,25837,C,2,HO,,
3120,2,289,243,,38,28,P,289,,,,,25366,B,1,HO,359,
3121,3,4,,,,,,3,56,,,,,,2,HO,256,
3125,3,12,,,,,,11,92,,,,,,2,HO,300,
3128,3,34,,,,,,33,97.8,,,,,,2,HO,157,
3135,3,82,12,10,269,,,81,136,3.7,2.5,,30268,A,2,HO,,166
3136,3,79,5,17,276,,,78,118,2.7,2.9,,27421,C,2,HO,,
3138,3,121,47,,234,,P,120,92,3.3,3.1,,25267,C,2,HO,74,
3139,3,16,,,,,,15,88,,,,,,2,HO,277,
3141,3,84,12,10,269,,,83,96,3.7,2.6,,27642,B,2,HO,131,
3145,3,67,,,,,,66,130,3.4,2.6,,27450,B,2,HO,147,
3147,3,32,,,,,,31,104,,,,,,2,HO,,125
3151,2,303,166,,115,,P,302,54,4.3,3.8,,28099,B,2,HO,,184
3152,3,24,,,,,,23,108,,,,,,2,HO,,-93
3155,3,99,27,16,254,,,98,92,3.4,3,,23514,C,2,HO,112,
3161,3,48,,,,,C,47,124,4.3,2.6,,,,2,HO,,233
3162,2,289,203,,78,,P,288,64,3.3,2.9,,30688,C,2,HO,104,
3165,3,27,,,,,,26,104,,,,,,2,HO,166,
3168,3,264,194,,87,,P,263,48,4.6,3.2,,23891,C,2,HO,270,
3170,2,421,,,,,C,420,32,3.6,3.2,,31753,A,2,HO,83,
3171,2,319,264,,17,42,P,319,,,,,27084,B,1,HO,169,
3174,3,12,,,,,,11,96,,,,,,2,HO,149,
3175,3,65,,,,,,64,108,3.4,3.2,,27891,B,2,HO,207,
3176,3,58,,,,,,57,108,3.4,3,,,,2,HO,173,
3177,2,314,261,,20,119,P,314,,,,,26749,B,1,HO,348,
3179,2,363,219,,62,56,P,363,,,,,32834,A,1,HO,345,
3180,2,317,257,,24,35,P,317,,,,,29144,B,1,HO,169,
3181,2,334,208,,73,,P,333,40,4.9,3.4,,27443,B,2,HO,171,
3183,3,58,,,,,,57,76,3.7,3.5,,,,2,HO,178,
3187,2,169,8,14,273,,,168,88,3.5,2.9,,29355,A,2,HO,135,
3189,2,318,285,,-4,63,P,318,,,,,30291,B,1,HO,75,
3190,2,407,,,,,C,406,64,4.4,3.7,,37147,A,2,HO,436,
3191,3,4,,,,,,3,32,,,,,,2,HO,-122,
3193,2,378,247,,34,28,P,378,,,,,31097,A,1,HO,119,
3196,2,313,261,,20,42,P,313,,,,,38694,A,1,HO,250,
3197,2,326,118,,163,,P,325,,,,,23732,D,2,HO,68,
3198,3,59,,,,,,58,88,4,3.1,,,,2,HO,150,
3199,3,46,,,,,,45,64,3.5,3.3,,,,2,JE,271,
3201,2,341,,,,,C,340,68,3.9,3.7,,31006,A,2,HO,199,
3202,3,28,,,,,,27,120,,,,,,2,HO,404,
3205,3,9,,,,,,8,112,,,,,,2,HO,222,
3206,3,20,,,,,,19,96,,,,,,2,HO,0,
3209,2,298,28,15,253,,,297,74,4,3.5,,31068,A,2,HO,195,
3210,3,59,,,,,,58,80,3.6,3.1,,,,2,HO,16,
3211,2,301,144,,137,,P,300,36,4.5,3.1,,29563,B,2,HO,136,
3213,2,401,221,,60,,P,400,6,3.6,3.1,,38886,A,2,HO,261,
3214,2,221,145,,136,,P,220,28,4.8,3.6,,19982,D,2,HO,86,
3215,2,333,,,,,C,332,48,4.7,3.7,,27618,A,2,HO,455,
3218,2,292,271,,10,49,P,292,,,,,24474,D,1,HO,99,
3219,3,35,,,,,,34,108,2.5,4.4,,,,2,HO,,8
3220,2,310,132,,149,,P,309,,,,,29671,A,2,HO,180,
3221,2,326,199,,82,28,P,326,,,,,28085,B,1,HO,209,
3223,2,380,239,,42,21,P,380,,,,,35988,A,1,HO,252,
3224,2,340,120,,161,,P,339,76,3.8,3.4,,31092,A,2,HO,194,
3226,3,34,,,,,,33,88,3.5,4.2,,,,2,HO,,
3227,3,13,,,,,,12,100,,,,,,2,HO,188,
3228,2,357,206,,75,28,P,357,,,,,25024,C,1,HO,62,
3230,3,22,,,,,,21,96,,,,,,2,HO,103,
3232,2,286,251,,30,35,P,286,,,,,28459,B,1,HO,319,
3233,2,314,162,,119,,P,313,50,3.9,3.3,,28993,B,2,HO,187,
3234,2,314,269,,12,49,P,314,,,,,26299,C,1,HO,120,
3236,2,257,12,10,269,,,256,78,3.6,3.4,,31291,A,2,HO,193,
3237,2,288,115,,166,,P,287,64,3.6,3.1,,32034,B,2,HO,58,
3238,3,3,,,,,,2,,,,,,,2,HO,271,
3240,2,343,202,,79,,P,342,36,4.4,3.6,,31101,A,2,HO,283,
3241,3,3,,,,,,2,,,,,,,2,HO,153,
3243,2,297,264,,16,42,P,297,,,,,26055,A,1,JE,52,
3245,3,36,,,,,,35,88,5.2,4.1,,,,2,XX,,
3246,2,272,150,,131,,P,271,44,4.2,3.1,,19422,E,2,HO,331,
3250,3,55,,,,,,54,80,3.3,3.2,,,,2,HO,,22
3253,2,357,167,,114,,P,356,52,3.6,3.6,,32108,A,2,HO,342,
3255,3,31,,,,,,30,100,,,,,,2,HO,140,
3256,3,20,,,,,,19,108,,,,,,2,HO,92,
3257,2,316,235,,46,14,P,316,,,,,32982,B,1,HO,165,
3258,3,24,,,,,,23,116,,,,,,2,HO,177,
3259,2,316,136,,145,,P,315,44,3.8,3,,28331,B,2,HO,157,
3264,2,274,19,3,262,,,273,70,3,2.9,,28461,C,2,HO,60,
3265,3,22,,,,,,21,102,,,,,,2,XX,326,
3267,2,293,259,,24,56,P,293,,,,,22749,C,1,XX,72,
3268,2,357,166,,115,,P,356,48,3.7,3,,33020,A,2,HO,168,
3272,3,27,,,,,,26,108,,,,,,2,HO,105,
3280,2,295,229,,52,7,P,295,,,,,27998,B,1,HO,281,
3283,2,310,174,,109,,P,309,34,4.7,3,,24235,B,2,XX,127,
3285,2,216,145,,136,,P,215,86,3.1,3.2,,28064,C,2,HO,154,
3286,2,295,271,,12,49,P,295,,,,,20285,C,1,XX,262,
3287,2,293,222,,59,,P,292,40,4.3,3.4,,30986,A,2,HO,234,
3289,2,308,243,,38,28,P,308,,,,,22815,D,1,HO,,218
3290,2,238,31,12,250,,,237,68,3.7,3.1,,25675,C,2,HO,,190
3292,2,279,32,11,249,,,278,,,,,29562,B,2,HO,150,
3294,2,282,264,,16,56,P,282,,,,,18814,C,1,JE,231,
3295,2,286,207,,74,,P,285,68,5.1,3.3,,24485,D,2,HO,182,
3297,2,298,257,,24,35,P,298,,,,,26580,B,1,HO,324,
3298,2,306,218,,63,,P,305,36,3.9,3.4,,26628,B,2,HO,,
3303,2,285,243,,38,28,P,285,,,,,26324,B,1,HO,218,
3304,2,303,238,,43,28,P,303,,,,,25572,C,1,HO,60,
3306,2,251,180,,101,,P,250,50,3.4,3.4,,23603,D,2,HO,234,
3307,2,329,185,,96,,P,328,52,2.9,3.1,,30123,B,2,HO,267,
3308,2,240,166,,115,,P,239,36,4,3.4,,27146,C,2,HO,263,
3311,2,289,,,,,C,288,36,3.9,3.5,,25534,C,2,HO,225,
3314,2,303,213,,68,28,P,303,,,,,25927,C,1,HO,220,
3315,2,212,108,,173,,P,211,68,3.9,3.1,,29399,B,2,HO,291,
3316,2,296,236,,45,14,P,296,,,,,29618,B,1,HO,382,
3317,2,252,180,,101,,P,251,48,3.9,3.2,,25097,C,2,HO,347,
3318,2,325,178,,105,,P,324,36,4.4,3.5,,20985,C,2,XX,221,
3319,2,304,166,,115,,P,303,52,3.1,3.6,,26298,B,2,HO,259,
3320,2,191,31,12,250,,,190,86,3.1,2.9,,29963,B,2,HO,340,
3322,2,257,215,,66,28,P,257,,,,,21617,E,1,HO,152,
3323,2,302,213,,68,28,P,302,,,,,23125,E,1,HO,28,
3324,2,252,180,,101,,P,251,44,4.1,3.3,,21809,D,2,HO,78,
3325,2,293,243,,38,21,P,293,,,,,25745,D,1,HO,96,
3326,2,223,24,19,257,,,222,64,3.6,3.2,,25680,C,2,HO,,
3327,2,249,174,,106,,P,248,26,5,3.7,,19912,B,2,JE,260,
3328,2,291,121,,160,,P,290,48,3.3,3.1,,25614,C,2,HO,187,
3329,2,204,91,,190,,P,203,68,3.4,3.2,,27692,C,2,HO,190,
3331,2,228,152,,129,,P,227,64,3.5,3.4,,28349,B,2,HO,231,
3332,2,294,222,,59,,P,293,44,3.8,3.2,,27663,B,2,HO,426,
3334,2,241,43,0,238,,,240,84,2.7,3.2,,33471,A,2,HO,275,
3335,2,261,187,,94,,P,260,32,4,3.2,,20566,D,2,HO,,
3336,2,261,160,,121,,P,260,52,3,3.1,,26424,C,2,HO,84,
3338,2,254,11,11,270,,,253,66,3.7,3.4,,28440,B,2,HO,267,
3339,2,292,200,,81,,P,291,48,3.4,3,,31911,A,2,HO,90,
3340,2,283,236,,45,28,P,283,,,,,19858,E,1,HO,138,
3342,2,284,213,,68,28,P,284,,,,,21045,D,1,HO,,
3344,2,283,236,,45,28,P,283,,,,,22808,D,1,HO,269,
3346,2,268,194,,89,,P,267,36,3.8,3.8,,24218,A,2,XX,206,
3347,2,291,116,,165,,P,290,32,2.4,3.4,,22959,D,2,HO,71,
3348,2,283,,,,,C,282,,,,,27078,B,2,HO,250,
3351,2,293,236,,45,14,P,293,,,,,31039,A,1,HO,340,
3354,2,259,243,,38,56,P,259,,,,,15529,E,1,HO,33,
3355,2,296,243,,38,21,P,296,,,,,25752,B,1,HO,149,
3358,2,250,95,,186,,P,249,56,4.1,3.4,,25258,C,2,HO,160,
3359,2,271,175,,106,,P,270,26,3.5,2.8,,23975,C,2,HO,272,
3360,2,251,96,,185,,P,250,94,3.3,3.1,,31743,A,2,HO,308,
3361,2,246,173,,108,,P,245,68,4,3,,25818,B,2,HO,336,
3362,2,283,236,,45,28,P,283,,,,,20617,E,1,HO,217,
3363,2,300,203,,78,,P,299,48,3.9,3.5,,31510,A,2,HO,221,
3364,2,300,208,,73,,P,299,52,4,3.3,,25381,C,2,HO,383,
3365,2,306,121,,160,,P,305,32,4,3.6,,27807,B,2,HO,243,
3366,2,264,94,,187,,P,263,48,4,3.3,,26336,B,2,HO,234,
3368,2,303,206,,75,,P,302,34,4,3.3,,23868,C,2,HO,241,
3369,2,176,67,,214,,P,175,84,3.3,3.2,,25840,C,2,HO,159,
3372,2,298,229,,52,7,P,298,,,,,24776,C,1,HO,102,
3374,2,196,73,,208,,P,195,68,4.1,3.3,,24115,C,2,HO,315,
3375,2,297,229,,52,7,P,297,,,,,29834,A,1,HO,,
3377,2,291,172,,109,28,P,291,,,,,26245,B,1,HO,,
3378,2,242,167,,114,,P,241,64,3.6,3.2,,27088,C,2,HO,136,
3379,2,287,193,,88,,P,286,68,4.2,3.1,,29945,A,2,HO,184,
3380,2,251,236,,45,56,P,251,,,,,18550,E,1,HO,0,
3381,2,191,99,,182,,P,190,60,5.2,3.5,,21533,D,2,HO,107,
3383,2,240,166,,115,,P,239,52,4.4,2.9,,23698,C,2,HO,184,
3384,2,242,80,,201,,P,241,36,5.2,3.8,,22126,D,2,HO,165,
3386,2,244,147,,133,,P,243,56,4.2,3.8,,27119,A,2,JE,453,
3388,2,91,19,3,262,,,90,104,3.2,2.7,,27517,B,2,HO,452,
3389,2,270,194,,87,,P,269,44,4.6,3.6,,28059,A,2,HO,448,
3390,2,291,194,,87,,P,290,68,3.7,3.1,,31694,A,2,HO,171,
3391,2,295,229,,52,7,P,295,,,,,29638,A,1,HO,545,
3393,2,277,47,,234,,P,276,44,4.2,3.2,,26476,C,2,HO,212,
3394,2,305,166,,115,,P,304,32,3.8,3,,22859,D,2,HO,199,
3395,2,288,232,,49,14,P,288,,,,,24467,C,1,HO,521,
3396,2,169,26,17,255,,,168,28,4.2,3.2,,15996,E,2,HO,83,
3397,2,270,222,,59,28,P,270,,,,,22668,D,1,HO,225,
3398,2,280,236,,47,28,P,280,,,,,20455,C,1,XX,127,
3400,2,297,222,,59,,P,296,46,3.3,3.2,,27126,C,2,HO,191,
3401,2,293,201,,80,,P,292,48,3.9,3.4,,25718,C,2,HO,216,
3404,2,291,215,,66,,P,290,46,3.6,3.5,,33056,A,2,HO,301,
3405,2,257,243,,37,56,P,257,,,,,21258,B,1,JE,142,
3406,2,286,215,,66,,P,285,28,4.2,3.4,,26547,B,2,HO,248,
3408,2,281,208,,73,,P,280,52,3.6,3.4,,27010,B,2,HO,174,
3410,2,196,30,13,251,,,195,86,5.3,2.9,,27253,A,2,HO,209,
3412,2,225,152,,129,,P,224,64,3.6,2.9,,29526,B,2,HO,140,
3413,2,274,145,,136,,P,273,44,3.5,3.2,,24113,C,2,HO,185,
3414,2,269,194,,89,,P,268,32,4.7,3.5,,18650,C,2,XX,281,
3416,2,192,58,,223,,P,191,60,3.8,3,,25078,C,2,HO,186,
3417,2,164,89,,192,,P,163,80,4.3,3.2,,24477,B,2,HO,169,
3418,2,53,,,,,,52,74,3.7,2.6,,,,2,HO,439,
3419,2,258,45,,236,,P,257,72,3.6,3.1,,28460,B,2,HO,,
3420,2,142,5,17,278,,,141,86,4.3,2.9,,24523,A,2,XX,163,
3421,2,252,180,,101,,P,251,44,3.5,3.2,,26662,C,2,HO,340,
3422,2,252,180,,101,,P,251,28,4.6,3.1,,18254,E,2,HO,190,
3423,2,252,90,,191,,P,251,52,4.3,3.2,,22093,D,2,HO,169,
3424,2,197,124,,157,,P,196,76,3.2,3.2,,31471,A,2,HO,344,
3425,2,252,180,,101,,P,251,52,4.5,3.3,,29807,A,2,HO,199,
3426,2,241,166,,115,,P,240,76,3.6,3.3,,31113,A,2,HO,233,
3427,2,91,19,3,262,,,90,106,3.2,2.8,,26909,C,2,HO,151,
3428,2,171,41,2,240,,,170,108,3,2.9,,30843,B,2,HO,328,
3429,2,227,,,,,C,226,70,4.2,3.3,,27863,B,2,HO,245,
3430,2,231,41,2,240,,,230,68,3.5,3,,26926,C,2,HO,88,
3431,2,235,143,,138,,P,234,66,3.9,3.4,,30204,A,2,HO,186,
3432,2,238,166,,115,,P,237,32,4,3.2,,25026,C,2,HO,204,
3434,2,192,92,,189,,P,191,76,3.5,3.1,,27241,C,2,HO,137,
3435,2,221,145,,138,,P,220,58,4.3,3.8,,22622,B,2,XX,448,
3436,2,227,142,,139,,P,226,80,3.3,3.3,,28877,B,2,HO,471,
3438,2,206,131,,150,,P,205,48,3.8,3.1,,22890,D,2,HO,82,
3439,2,95,19,3,262,,,94,140,3.3,2.7,,31293,A,2,HO,202,
3441,2,228,152,,129,,P,227,88,3.6,2.9,,31637,A,2,HO,121,
3443,2,55,,,,,,54,96,3.7,2.8,,,,2,HO,163,
3445,2,191,121,,160,,P,190,84,3.3,2.9,,29311,B,2,HO,130,
3447,2,199,124,,157,,P,198,100,2.9,2.8,,38006,A,2,HO,271,
3448,2,241,166,,115,,P,240,48,4.8,3.5,,21625,D,2,HO,368,
3449,2,124,7,15,274,,,123,32,4.7,3,,25628,B,2,HO,175,
3451,2,234,79,,202,,P,233,36,3,2.8,,21672,E,2,HO,185,
3452,2,226,152,,129,,P,225,74,4.1,3.3,,31630,A,2,HO,321,
3453,2,225,99,,182,,P,224,74,3.4,3.1,,26392,C,2,HO,196,
3454,2,189,89,,192,,P,188,43.6,4.2,3.6,,22669,C,2,HO,239,
3455,2,182,39,4,242,,,181,96,4.2,3.2,,27651,B,2,HO,190,
3456,2,224,131,,150,,P,223,46,3.5,3.3,,22203,D,2,HO,-80,
3457,2,77,5,17,276,,,76,94,3.9,3,,24800,C,2,HO,217,
3458,2,89,19,3,262,,,88,130,3.3,2.7,,31155,A,2,HO,240,
3460,2,214,72,,209,,P,213,64,3.7,3.4,,28295,B,2,HO,242,
3461,2,221,146,,135,,P,220,52,3.7,3.5,,22721,D,2,HO,288,
3462,2,197,52,,229,,P,196,84,2.9,3.1,,29453,B,2,HO,204,
3465,2,144,22,0,259,,,143,104,3.6,3.2,,29630,A,2,HO,426,
3466,2,180,89,,192,,P,179,68,3.6,3.4,,25287,C,2,HO,183,
3468,2,134,14,8,267,,,133,68,5.3,3.4,,20154,D,2,HO,161,
3469,2,196,37,6,244,,,195,74,3.9,3.3,,31185,A,2,HO,356,
3471,2,184,88,,193,,P,183,72,3.4,2.9,,26644,C,2,HO,28,
3472,2,79,5,17,278,,,78,90,3.3,3,,26575,A,2,XX,423,
3473,2,186,110,,173,,P,185,80,2.5,3,,26037,B,2,XX,258,
3474,2,159,24,19,259,,,158,80,4,3.6,,26120,A,2,XX,430,
3475,2,185,83,,198,,P,184,64,3.7,3,,22638,D,2,HO,136,
3476,2,135,38,5,243,,,134,86,3.4,2.9,,25740,C,2,HO,311,
3477,2,67,,,,,,66,112,2.9,3,,29061,B,2,HO,333,
3478,2,181,110,,171,,P,180,88,2.1,3.3,,26809,D,2,HO,101,
3479,2,188,117,,164,,P,187,76,2.6,3.3,,27097,C,2,HO,203,
3480,2,138,22,0,258,,,137,72,5.2,3.6,,24353,A,2,JE,242,
3482,2,120,47,,234,,P,119,112,3.3,2.9,,29791,B,2,HO,-44,
3483,2,174,11,11,270,,,173,64,2.5,3.1,,25119,D,2,HO,87,
3484,2,173,94,,187,,P,172,66,2.9,3.2,,25251,D,2,HO,113,
3485,2,164,66,,215,,P,163,92,3.4,3.1,,30662,A,2,HO,330,
3486,2,175,103,,178,,P,174,76,3.4,3.1,,28581,B,2,HO,259,
3487,2,88,12,10,269,,,87,106,3.2,2.9,,30192,A,2,HO,276,
3490,2,144,10,12,271,,,143,84,2.4,2.9,,31873,B,2,HO,124,
3492,2,167,27,16,256,,,166,28,4.7,3.9,,18899,C,2,XX,524,
3493,2,157,58,,223,,P,156,68,3.3,3,,25743,C,2,HO,81,
3494,2,169,82,,199,,P,168,56,2.9,3.4,,23408,D,2,HO,229,
3495,2,22,,,,,,21,92,,,,,,2,HO,228,
3496,2,168,7,15,274,,,167,68,3.4,3,,19871,E,2,HO,225,
3497,2,162,45,,236,,P,161,68,4.7,3.8,,23833,C,2,HO,153,
3498,2,154,11,11,272,,,153,80,2.7,3,,26978,A,2,XX,199,
3501,2,111,40,3,241,,,110,106,2.6,2.8,,29654,B,2,HO,172,
3502,2,157,82,,199,,P,156,64,4,3.6,,21660,D,2,HO,233,
3505,2,161,89,,192,,P,160,84,3.2,2.9,,25604,C,2,HO,271,
3506,2,153,48,,233,,P,152,92,2.6,3.3,,26884,C,2,HO,463,
3507,2,151,75,,206,,P,150,92,3.4,2.9,,30397,A,2,HO,207,
3508,2,146,32,11,249,,,145,80,3.3,3.7,,23863,C,2,HO,229,
3511,1,494,189,,92,,P,493,30,4.6,3.4,,28828,B,6,HO,-26,
3513,2,135,25,18,256,,,134,90,3,3,,26903,C,2,HO,173,
3514,2,144,5,17,278,,,143,70,4.1,2.9,,26021,A,2,XX,97,
3516,2,118,48,,233,,P,117,100,2.9,2.9,,28444,C,2,HO,164,
3517,2,95,19,3,262,,,94,100,3.8,2.9,,25978,C,2,HO,198,
3519,2,129,54,,227,,P,128,92,3.6,3.2,,28147,B,2,HO,216,
3521,2,139,4,18,279,,,138,78,3.8,3,,25855,A,2,XX,529,
3523,2,135,61,,219,,P,134,64,4.3,3.5,,19053,B,2,JE,286,
3524,2,116,43,0,238,,,115,56,2.6,3,,22525,E,2,HO,275,
3527,2,82,12,10,269,,,81,64,3.8,2.7,,22537,D,2,HO,124,
3529,2,39,,,,,,38,120,3.4,3.5,,,,2,HO,130,
3530,1,481,215,,66,,P,480,24,3.6,3.7,,25736,C,6,HO,199,
3534,1,451,249,,32,28,P,451,,,,,29301,A,1,HO,360,
3535,2,91,19,3,262,,,90,108,3.6,3,,25111,C,2,HO,143,
3536,2,125,54,,226,,P,124,70,4.7,3.4,,23246,A,2,JE,398,
3537,2,3,,,,,,2,,,,,,,2,HO,143,
3539,2,105,33,10,248,,,104,108,2.6,2.5,,29284,C,2,HO,241,
3541,2,130,12,10,269,,,129,72,3.8,3.2,,23350,C,2,HO,231,
3542,2,127,55,,226,,P,126,76,4.2,3.1,,27184,B,2,HO,185,
3543,2,128,54,,227,,P,127,96,3.4,3,,30071,A,2,HO,339,
3545,2,129,20,2,261,,,128,84,2.9,2.8,,30317,B,2,HO,274,
3546,1,473,,,,,C,472,36,3.8,3.5,,26390,B,6,HO,217,
3547,2,126,54,,227,,P,125,80,3.5,3.2,,25532,C,2,HO,282,
3548,2,112,40,3,241,,,111,,,,,23099,D,2,HO,243,
3549,2,43,,,,,,42,96,3.9,3.5,,,,2,HO,193,
3550,2,127,54,,226,,P,126,72,5.2,3.6,,24181,A,2,JE,262,
3551,2,121,7,15,274,,,120,80,4.1,2.8,,28563,B,2,HO,194,
3553,2,125,54,,227,,P,124,94,3.7,3.2,,25328,C,2,HO,239,
3554,1,412,269,,12,56,P,412,,,,,26293,B,1,HO,307,
3555,2,31,,,,,,30,78,,,,,,2,HO,205,
3556,2,114,17,5,264,,,113,88,3.6,3,,26020,B,2,HO,307,
3558,1,466,,,,,C,465,56,4.4,3.3,,31198,A,6,HO,380,
3559,2,115,25,18,256,,,114,80,3.6,3.1,,24447,C,2,HO,149,
3560,2,64,,,,,,63,104,4.2,3,,26152,B,2,HO,218,
3561,1,437,241,,40,28,P,437,,,,,26860,C,1,HO,151,
3562,2,53,,,,,,52,108,2.9,3.2,,,,2,HO,205,
3564,2,97,26,17,255,,,96,102,3.6,3,,28761,A,2,HO,229,
3565,2,96,26,17,255,,,95,60,3.3,3.1,,24099,D,2,HO,169,
3566,2,42,,,,,,41,114,5,3.1,,,,2,HO,179,
3567,2,59,,,,,,58,110,3.6,2.7,,,,2,HO,282,
3568,2,89,19,3,262,,,88,84,3.3,3,,25670,C,2,HO,200,
3569,2,36,,,,,,35,100,3.8,3.6,,,,2,HO,105,
3570,1,402,274,,7,56,P,402,,,,,28955,A,1,HO,333,
3572,2,45,,,,,,44,96,2.8,3.1,,,,2,HO,321,
3573,1,413,263,,18,42,P,413,,,,,27210,B,1,HO,115,
3575,2,37,,,,,,36,96,4.5,4,,,,2,HO,263,
3577,2,68,,,,,,67,92,3.7,2.7,,27473,B,2,HO,,152
3579,2,38,,,,,,37,108,4.8,3.9,,,,2,HO,248,
3580,2,97,26,17,257,,,96,76,4,2.8,,24162,B,2,XX,226,
3581,2,68,,,,,,67,84,2.1,2.8,,24216,D,2,HO,312,
3582,2,53,,,,,,52,96,4.6,2.6,,,,2,HO,186,
3583,2,88,12,10,269,,,87,100,3,2.9,,29092,B,2,HO,218,
3584,2,91,19,3,262,,,90,100,3.9,3.1,,22007,D,2,HO,,182
3585,2,94,19,3,262,,,93,72,3.3,2.9,,28675,B,2,HO,112,
3586,2,94,19,3,262,,,93,100,3.8,3,,30455,A,2,HO,255,
3587,1,390,266,,15,49,P,390,,,,,28994,B,1,HO,317,
3588,2,40,,,,,,39,110,5.7,3.9,,,,2,HO,341,
3591,2,91,19,3,262,,,90,80,2.8,3.1,,22811,D,2,HO,189,
3593,2,97,26,17,255,,,96,94,2.5,3,,23058,D,2,HO,151,
3594,2,3,,,,,,2,,,,,,,2,HO,197,
3595,2,5,,,,,,4,44,,,,,,2,HO,231,
3596,2,19,,,,,,18,124,,,,,,2,HO,254,
3597,2,20,,,,,,19,96,,,,,,2,HO,174,
3598,2,84,12,10,269,,,83,,,,,18184,E,2,HO,180,
3599,2,92,19,3,262,,,91,76,3.1,2.6,,28729,B,2,HO,117,
3600,2,21,,,,,,20,48,,,,,,2,HO,423,
3601,2,37,,,,,,36,114,4.1,3.5,,,,2,HO,284,
3602,2,21,,,,,,20,88,,,,,,2,HO,77,
3603,2,78,5,17,276,,,77,102,3.4,2.7,,28098,B,2,HO,120,
3604,2,50,,,,,,49,98,3.5,3.1,,,,2,HO,170,
3605,2,92,8,14,273,,,91,84,3.6,3.3,,27060,B,2,HO,288,
3606,2,89,19,3,262,,,88,114,3.9,3,,31254,A,2,HO,420,
3607,2,86,12,10,269,,,85,64,5.1,3,,21694,C,2,HO,203,
3608,1,433,119,,162,,P,432,40,4.7,3.7,,26540,B,6,HO,,
3609,1,405,249,,32,28,P,405,,,,,30140,B,1,HO,194,
3611,2,58,,,,,,57,100,3.8,2.9,,,,2,HO,290,
3612,2,88,12,10,269,,,87,80,3.3,3,,24296,C,2,HO,236,
3613,1,432,165,,116,,P,431,40,4.1,3.5,,26167,B,6,HO,256,
3614,2,51,,,,,,50,90,4.5,3.4,,,,2,JE,317,
3615,2,80,5,17,276,,,79,88,3.5,2.8,,26918,B,2,HO,253,
3616,2,21,,,,,,20,106,,,,,,2,HO,290,
3617,2,52,,,,,,51,84,2.6,3.3,,,,2,HO,268,
3618,2,65,,,,,,64,76,4.6,3.4,,23740,A,2,JE,291,
3620,2,72,,,,,,71,94,4.5,3.1,,27392,B,2,HO,173,
3621,2,78,5,17,276,,,77,84,2.6,3.1,,23651,D,2,HO,123,
3622,2,76,5,17,276,,,75,70,3.9,3.2,,19891,D,2,HO,227,
3623,2,82,12,10,269,,,81,92,3.5,2.7,,27974,B,2,HO,158,
3624,2,78,5,17,276,,,77,98,1.9,2.7,,26081,D,2,HO,181,
3625,2,61,,,,,,60,114,3.4,2.7,,,,2,HO,287,
3626,2,55,,,,,,54,80,4.4,3.2,,,,2,HO,,204
3627,2,40,,,,,,39,88,3.8,3.8,,,,2,HO,174,
3628,2,12,,,,,,11,84,,,,,,2,HO,,251
3629,2,73,,,,,,72,96,4,3,,25979,B,2,HO,312,
3630,2,47,,,,,,46,104,3.1,2.7,,,,2,HO,141,
3631,1,424,187,,94,,P,423,40,3,3.3,,26937,C,6,HO,105,
3633,2,71,,,,,,70,88,4.7,2.7,,27672,A,2,HO,285,
3634,2,70,,,,,,69,82,3.4,2.8,,23230,D,2,HO,303,
3635,2,72,,,,,,71,96,2.9,2.8,,27269,C,2,HO,104,
3636,2,65,,,,,,64,104,3.2,2.8,,27873,C,2,HO,142,
3637,2,75,5,17,276,,,74,92,3.4,3.2,,25674,C,2,HO,232,
3638,2,67,,,,,,66,88,3.1,2.9,,25511,C,2,HO,250,
3639,2,59,,,,,,58,88,3.5,2.9,,,,2,HO,42,
3640,2,62,,,,,,61,88,2.5,2.8,,30667,B,2,HO,320,
3641,2,64,,,,,,63,110,3.1,3.5,,28698,B,2,HO,312,
3642,2,71,,,,,,70,90,3.4,2.9,,28321,B,2,HO,35,
3643,2,44,,,,,,43,106,4.5,3.2,,,,2,HO,283,
3644,2,27,,,,,,26,88,,,,,,2,HO,101,
3645,2,68,,,,,,67,102,3.7,3.2,,26922,B,2,HO,371,
3646,2,69,,,,,,68,80,3.3,2.9,,25786,C,2,HO,247,
3647,2,68,,,,,,67,110,3.8,2.9,,29718,A,2,HO,279,
3648,2,61,,,,,,60,96,3.9,2.8,,,,2,HO,234,
3649,2,55,,,,,,54,98,3.4,2.8,,,,2,HO,98,
3650,2,58,,,,,,57,100,2.7,2.9,,,,2,HO,194,
3653,2,44,,,,,,43,98,3.6,3.2,,,,2,HO,241,
3654,2,64,,,,,,63,84,3.4,2.7,,27457,B,2,HO,249,
3655,2,65,,,,,,64,108,3.6,3.1,,28740,B,2,HO,278,
3656,1,407,,,,,C,406,40,4.4,3.6,,35078,A,6,HO,176,
3657,1,406,,,,,C,405,52,4,3,,30392,A,6,HO,266,
3658,2,45,,,,,,44,120,2.9,3.2,,,,2,HO,209,
3659,2,128,12,10,269,,,127,66,4.5,3.4,,22914,C,2,HO,159,
3660,1,404,201,,80,,P,403,64,4.8,3.5,,31159,A,6,HO,211,
3661,2,47,,,,,,46,76,,,,,,2,JE,239,
3662,1,402,165,,116,,P,401,66,3.8,3.5,,33422,A,6,HO,,
3663,1,402,168,,113,,P,401,66,4.2,3.4,,32250,A,6,HO,240,
3664,1,373,233,,50,28,P,373,,,,,22314,A,1,XX,157,
3665,2,48,,,,,,47,92,4,3.2,,,,2,HO,222,
3666,2,32,,,,,,31,92,,,,,,2,HO,94,
3667,1,397,,,,,C,396,40,4.3,3.4,,32174,A,6,HO,264,
3669,2,44,,,,,,43,92,5.2,3.2,,,,2,HO,212,
3670,1,349,266,,15,56,P,349,,,,,27661,C,1,HO,153,
3672,2,36,,,,,,35,110,4.2,4,,,,2,HO,452,
3674,1,384,187,,94,,P,383,72,3.9,3.3,,37899,A,6,HO,174,
3675,2,28,,,,,,27,96,,,,,,2,HO,219,
3676,2,45,,,,,,44,100,5,3.3,,,,2,HO,267,
3678,1,339,262,,19,42,P,339,,,,,30311,A,1,HO,285,
3679,2,23,,,,,,22,98,,,,,,2,HO,237,
3680,1,379,,,,,C,378,56,3.4,3.4,,22221,D,6,HO,116,
3681,1,379,197,,84,,P,378,80,3.5,3.2,,36820,A,6,HO,346,
3682,2,35,,,,,,34,94,4.5,4.3,,,,2,HO,145,
3683,1,378,3,19,278,,,377,64,4.2,3.6,,29135,B,6,HO,252,
3685,2,6,,,,,,5,72,,,,,,2,HO,121,
3686,1,377,152,,129,,P,376,56,3.9,3.2,,28376,B,6,HO,242,
3687,1,342,251,,30,35,P,342,,,,,29501,B,1,HO,241,
3688,1,341,251,,30,35,P,341,,,,,28729,B,1,HO,475,
3689,2,31,,,,,,30,108,,,,,,2,XX,52,
3691,2,28,,,,,,27,116,,,,,,2,HO,244,
3692,2,49,,,,,,48,46,4.2,3.4,,,,2,HO,173,
3693,1,374,197,,86,,P,373,36,4.1,3.5,,26308,A,6,XX,163,
3694,2,37,,,,,,36,72,4.6,4,,,,2,HO,279,
3696,1,332,262,,19,42,P,332,,,,,27304,B,1,HO,275,
3697,2,21,,,,,,20,90,,,,,,2,HO,98,
3698,2,25,,,,,,24,84,,,,,,2,HO,171,
3699,1,373,168,,113,,P,372,56,3.5,3,,30092,B,6,HO,212,
3700,1,373,,,,,C,372,54,4,3.5,,23888,A,6,JE,,191
3701,2,5,,,,,,4,40,,,,,,2,JE,260,
3702,1,372,,,,,C,371,56,3.4,2.9,,32446,A,6,HO,,
3703,2,27,,,,,,26,96,,,,,,2,HO,,
3704,2,18,,,,,,17,98,,,,,,2,HO,76,
3705,2,20,,,,,,19,90,,,,,,2,HO,147,
3706,2,13,,,,,,12,88,,,,,,2,HO,178,
3707,1,313,260,,21,56,P,313,,,,,26339,C,1,HO,213,
3708,2,10,,,,,,9,88,,,,,,2,HO,203,
3709,1,367,33,10,248,,,366,64,6.4,3.7,,25011,C,6,HO,244,
3710,1,315,265,,16,49,P,315,,,,,29567,B,1,HO,114,
3712,1,313,271,,10,49,P,313,,,,,28937,C,1,HO,117,
3713,1,318,264,,17,42,P,318,,,,,28951,B,1,HO,267,
3714,1,303,272,,9,56,P,303,,,,,28027,B,1,HO,79,
3715,1,331,250,,31,28,P,331,,,,,23234,D,1,HO,296,
3716,2,8,,,,,,7,64,,,,,,2,HO,323,
3717,1,358,182,,99,,P,357,44,5.9,3.1,,27442,B,6,HO,99,
3718,2,23,,,,,,22,64,,,,,,2,HO,156,
3719,1,352,207,,74,,P,351,44,5,4.7,,26603,B,6,HO,78,
3720,1,317,256,,25,35,P,317,,,,,24514,C,1,HO,202,
3721,1,318,256,,25,35,P,318,,,,,30373,B,1,HO,188,
3722,2,4,,,,,,3,52,,,,,,2,HO,283,
3723,2,6,,,,,,5,20,,,,,,2,HO,203,
3724,2,14,,,,,,13,68,,,,,,2,JE,,257
3725,1,298,278,,3,56,P,298,,,,,28117,B,1,HO,235,
3727,1,353,222,,59,,P,352,56,4.5,3.5,,30897,B,6,HO,209,
3728,1,339,236,,45,14,P,339,,,,,25448,C,1,HO,316,
3729,1,295,278,,3,56,P,295,,,,,22486,D,1,HO,161,
3730,1,351,,,,,C,350,66,4.3,3.5,,28971,A,6,XX,386,
3731,1,295,278,,3,56,P,295,,,,,23283,C,1,HO,296,
3732,1,350,189,,92,,P,349,50,3.5,3.1,,28083,B,6,HO,126,
3734,2,17,,,,,,16,76,,,,,,2,HO,153,
3735,2,4,,,,,,3,34,,,,,,2,XX,100,
3736,1,348,,,,,C,347,44,3.7,3.3,,18839,E,6,HO,95,
3738,1,347,119,,162,,P,346,52,4.6,3,,27332,B,6,HO,27,
3739,1,347,218,,65,,P,346,40,3.6,3.3,,20979,B,6,XX,518,
3740,1,346,203,,78,,P,345,46,3.4,3.1,,25772,B,6,HO,181,
3741,1,346,211,,70,,P,345,6,3.4,3,,27201,C,6,HO,239,
3742,1,311,255,,26,35,P,311,,,,,32346,A,1,HO,118,
3743,2,19,,,,,,18,36,,,,,,2,HO,218,
3744,1,324,237,,44,21,P,324,,,,,29727,B,1,HO,3,
3745,1,295,271,,10,49,P,295,,,,,23402,D,1,HO,145,
3747,1,335,229,,52,7,P,335,,,,,21286,E,1,HO,180,
3749,1,340,180,,101,,P,339,52,4.4,3.2,,26448,C,6,HO,208,
3751,1,339,222,,59,,P,338,64,4.3,3.2,,28683,B,6,HO,337,
3753,1,296,264,,17,42,P,296,,,,,27553,B,1,HO,172,
3754,1,338,20,2,261,,,337,68,3.4,3.4,,34365,A,6,HO,228,
3755,1,337,219,,62,,P,336,20,4.7,3.5,,21774,D,6,HO,288,
3756,1,295,260,,21,42,P,295,,,,,24705,C,1,HO,201,
3758,1,336,219,,62,,P,335,50,4.3,3.4,,24263,D,6,HO,175,
3759,1,293,264,,17,42,P,293,,,,,21656,D,1,HO,86,
3760,1,293,264,,17,42,P,293,,,,,20952,E,1,HO,77,
3761,1,313,240,,41,21,P,313,,,,,28054,C,1,HO,252,
3762,1,334,185,,96,,P,333,36,3.9,3.3,,18824,E,6,HO,25,
3763,1,312,240,,41,21,P,312,,,,,27579,C,1,HO,268,
3764,1,333,146,,135,,P,332,70,4.4,3.6,,28852,B,6,HO,280,
3765,1,298,257,,24,35,P,298,,,,,22338,D,1,HO,,2
3767,1,275,237,,44,56,P,275,,,,,19668,E,1,HO,168,
3768,1,290,258,,23,42,P,290,,,,,30278,B,1,HO,174,
3770,1,296,257,,24,35,P,296,,,,,29893,A,1,HO,365,
3771,1,330,,,,,C,329,28,4.4,3.4,,24994,D,6,HO,7,
3772,1,316,235,,46,14,P,316,,,,,28934,A,1,HO,377,
3774,1,328,,,,,C,327,56,3.2,3.2,,28547,C,6,HO,129,
3775,1,313,234,,47,14,P,313,,,,,24183,D,1,HO,72,
3776,1,290,251,,30,35,P,290,,,,,24468,C,1,HO,261,
3777,1,325,191,,90,,P,324,46,4.3,4,,25804,C,6,HO,213,
3778,1,325,,,,,C,324,80,4,3,,24805,C,6,HO,71,
3780,1,296,250,,31,28,P,296,,,,,31487,A,1,HO,350,
3783,1,320,53,,228,,P,319,60,3.5,3.2,,27040,B,6,HO,307,
3786,1,317,211,,70,,P,316,60,5.1,3.1,,27824,B,6,HO,185,
3787,1,315,200,,81,,P,314,32,3.9,3.2,,20537,E,6,HO,87,
3788,1,293,243,,38,21,P,293,,,,,25271,C,1,HO,212,
3789,1,313,221,,60,,P,312,68,3.8,3.7,,30504,A,6,HO,310,
3790,1,311,198,,85,,P,310,48,3.3,3,,22377,B,6,XX,61,
3791,1,297,236,,45,14,P,297,,,,,25814,C,1,HO,339,
3792,1,309,137,,144,,P,308,56,3.3,3,,24868,C,6,HO,8,
3794,1,309,141,,140,,P,308,64,4.5,3.5,,31465,A,6,HO,351,
3796,1,294,236,,45,14,P,294,,,,,26654,C,1,HO,318,
3797,1,293,236,,45,14,P,293,,,,,25555,C,1,HO,290,
3798,1,307,198,,83,,P,306,74,3.9,2.9,,27345,B,6,HO,255,
3799,1,306,215,,66,,P,305,44,3.8,3.1,,28459,C,6,HO,229,
3800,1,285,240,,41,21,P,285,,,,,23980,C,1,HO,271,
3802,1,304,185,,96,,P,303,38,5.7,3.9,,21949,C,6,HO,285,
3803,1,304,83,,198,,P,303,64,4.4,2.9,,31086,A,6,HO,112,
3804,1,297,229,,52,7,P,297,,,,,29873,C,1,HO,283,
3806,1,296,229,,52,7,P,296,,,,,26666,B,1,HO,237,
3807,1,293,229,,52,7,P,293,,,,,20415,E,1,HO,175,
3808,1,299,166,,115,,P,298,70,3.7,3,,29841,A,6,HO,353,
3809,1,298,97,,186,,P,297,40,4,3.7,,21579,B,6,XX,277,
3810,1,297,201,,80,,P,296,43.4,4.4,3.4,,25111,C,6,HO,348,
3811,1,295,222,,59,,P,294,42.6,3.4,2.9,,22693,D,6,HO,135,
3812,1,295,181,,100,,P,294,80,3.3,3.6,,30360,B,6,HO,239,
3813,1,293,164,,117,,P,292,76,3.7,2.6,,28447,B,6,HO,226,
3814,1,293,35,8,246,,,292,64,3.8,3.3,,30122,A,6,HO,377,
3815,1,292,222,,59,,P,291,80,4,3,,35485,A,6,HO,234,
3816,1,291,96,,185,,P,290,56,3.9,3.7,,20536,E,6,HO,214,
3817,1,291,153,,128,,P,290,62,3.9,3.3,,29769,A,6,HO,284,
3818,1,290,185,,96,,P,289,68,3.5,2.9,,27511,B,6,HO,299,
3819,1,262,193,,88,28,P,262,,,,,17321,E,1,HO,254,
3821,1,286,215,,66,,P,285,48,2.7,3.2,,24295,D,6,HO,162,
3822,1,287,215,,66,,P,286,60,3.8,3.1,,23543,D,6,HO,190,
3823,1,285,215,,66,,P,284,70,3,2.9,,26803,C,6,HO,152,
3825,1,283,89,,192,,P,282,56,4.3,3.4,,22514,D,6,HO,,208
3826,1,282,40,3,241,,,281,48,4.5,3.1,,24056,D,6,HO,146,
3827,1,281,10,12,271,,,280,48,4.3,3.9,,25671,B,6,HO,385,
3828,1,281,203,,78,,P,280,60,4,3.1,,29480,B,6,HO,291,
3830,1,280,143,,140,,P,279,60,4.2,3.5,,21680,B,6,XX,221,
3831,1,279,137,,144,,P,278,48,4.2,3.2,,21946,D,6,HO,215,
3832,1,278,207,,74,,P,277,28,3.7,2.9,,18522,E,6,HO,140,
3833,1,278,208,,73,,P,277,52,4.3,3.4,,23113,D,6,HO,80,
3834,1,277,201,,80,,P,276,48,5.2,3.8,,20302,D,6,HO,286,
3835,1,275,162,,119,,P,274,60,3.3,2.6,,24128,D,6,HO,,
3836,1,274,201,,80,,P,273,48,3.8,3.4,,21812,E,6,HO,82,
3837,1,274,104,,177,,P,273,58,3.9,3.8,,21148,D,6,HO,248,
3838,1,273,201,,80,,P,272,60,4.3,3.4,,23908,D,6,HO,215,
3839,1,272,201,,82,,P,271,64,3.7,3.1,,26567,A,6,XX,,175
3840,1,272,185,,96,,P,271,52,5,4.2,,20680,D,6,HO,155,
3841,1,271,117,,164,,P,270,52,4.8,3.1,,19589,E,6,HO,162,
3842,1,271,139,,142,,P,270,56,4.1,3.1,,21057,D,6,HO,185,
3843,1,270,23,20,258,,,269,64,3.3,2.9,,24430,C,6,HO,210,
3844,1,269,195,,86,,P,268,64,3.1,3,,24061,D,6,HO,,
3845,1,268,194,,87,,P,267,50,3.8,3.4,,20610,D,6,HO,301,
3846,1,267,194,,87,,P,266,32,3.8,2.9,,28273,B,6,HO,244,
3847,1,267,156,,125,,P,266,60,3.9,2.9,,26356,C,6,HO,15,
3848,1,267,46,,235,,P,266,62,3.5,3,,23552,D,6,HO,348,
3849,1,267,155,,126,,P,266,68,4.1,3.4,,26912,B,6,HO,358,
3851,1,271,201,,80,,P,270,58,3,2.7,,26653,C,6,HO,175,
3852,1,265,194,,87,,P,264,60,3.7,2.9,,26697,B,6,HO,278,
3853,1,265,194,,87,,P,264,56,4.2,3.7,,28681,C,6,HO,,-9
3854,1,264,195,,86,,P,263,60,4.5,4.1,,23616,C,6,HO,205,
3855,1,264,136,,145,,P,263,56,3.8,3.4,,26808,B,6,HO,304,
3856,1,263,43,0,238,,,262,64,3.9,3.3,,30666,A,6,HO,260,
3857,1,262,187,,96,,P,261,,,,,23041,B,6,XX,,118
3858,1,259,17,5,264,,,258,52,3.8,3,,25933,C,6,HO,370,
3859,1,257,187,,94,,P,256,40,3.3,3.5,,20344,E,6,HO,200,
3860,1,256,180,,101,,P,255,44,4,3.1,,20424,E,6,HO,132,
3861,1,255,2,20,279,,,254,42,3.5,3.1,,22566,D,6,HO,159,
3862,1,253,140,,141,,P,252,70,4.2,3.6,,26902,B,6,HO,277,
3863,1,252,160,,121,,P,251,66,3.7,3.4,,27718,B,6,HO,278,
3864,1,251,180,,103,,P,250,62,4.1,3.3,,23348,B,6,XX,,265
3865,1,250,180,,103,,P,249,58,4.8,3.6,,24295,A,6,XX,,249
3866,1,250,,,,,C,249,46,3.6,3.3,,22842,D,6,HO,145,
3867,1,249,173,,108,,P,248,60,3.5,3.3,,22694,D,6,HO,207,
3868,1,249,118,,163,,P,248,58,2.5,3,,23810,D,6,HO,,-41
3869,1,249,173,,108,,P,248,56,3.8,3.3,,22195,D,6,HO,201,
3870,1,248,93,,188,,P,247,60,4.1,3.3,,21009,D,6,HO,164,
3871,1,248,173,,108,,P,247,50,3.4,3.7,,22770,D,6,HO,165,
3872,1,247,173,,108,,P,246,56,3.6,2.8,,23809,D,6,HO,70,
3873,1,247,173,,108,,P,246,64,3.9,3.2,,24252,C,6,HO,294,
3874,1,246,173,,108,,P,245,72,3.9,3.2,,25545,C,6,HO,277,
3875,1,246,173,,108,,P,245,42,3.2,3.1,,19442,E,6,HO,274,
3876,1,246,34,9,247,,,245,68,4.1,3.7,,27510,C,6,HO,102,
3877,1,246,173,,108,,P,245,56,3.6,3.2,,24314,D,6,HO,325,
3878,1,246,149,,132,,P,245,56,4.4,2.9,,24595,C,6,HO,222,
3879,1,246,173,,108,,P,245,64,5,3.6,,25719,B,6,HO,216,
3880,1,245,173,,108,,P,244,74,2.8,3.3,,27357,C,6,HO,301,
3881,1,245,173,,108,,P,244,50,4.5,3.2,,20042,D,6,HO,236,
3882,1,245,173,,108,,P,244,56,4.7,3.9,,21697,D,6,HO,157,
3883,1,245,113,,168,,P,244,40,3.3,3.5,,19116,E,6,HO,221,
3885,1,243,174,,107,,P,242,60,3.3,3.4,,24823,C,6,HO,561,
3886,1,243,152,,129,,P,242,68,3.9,3,,29863,A,6,HO,,395
3887,1,242,164,,117,,P,241,52,3.4,2.8,,18268,E,6,HO,27,
3888,1,242,170,,113,,P,241,56,3.7,3.2,,26667,A,6,XX,,359
3889,1,242,166,,115,,P,241,56,1.9,2.9,,23205,D,6,HO,260,
3890,1,242,170,,111,,P,241,60,3.6,2.9,,26459,B,6,HO,327,
3891,1,241,11,11,270,,,240,43.8,4.1,3.4,,23676,C,6,HO,164,
3892,1,241,34,9,247,,,240,72,3.4,3,,26953,C,6,HO,367,
3893,1,241,25,18,256,,,240,36,4.1,3.6,,23328,C,6,HO,347,
3894,1,240,16,6,265,,,239,44,3.7,3.2,,22692,D,6,HO,,303
3896,1,240,7,15,274,,,239,60,3.1,2.9,,27603,C,6,HO,280,
3897,1,240,110,,171,,P,239,64,3.9,3.3,,29062,B,6,HO,,229
3898,1,239,148,,133,,P,238,56,4.3,3.4,,22004,D,6,HO,146,
3899,1,238,23,20,258,,,237,80,3.2,3.3,,30169,A,6,HO,341,
3900,1,238,12,10,269,,,237,70,2.9,3.2,,27332,C,6,HO,111,
3901,1,238,166,,115,,P,237,78,4.7,3.7,,28722,B,6,HO,,
3902,1,237,166,,115,,P,236,52,4.8,3.4,,25039,C,6,HO,80,
3903,1,236,149,,132,,P,235,48,4.6,3.5,,22405,D,6,HO,276,
3904,1,236,2,20,279,,,235,58,4,3.3,,24120,C,6,HO,271,
3905,1,236,166,,115,,P,235,76,4,3.9,,30250,A,6,HO,358,
3907,1,234,159,,122,,P,233,58,3.6,3.5,,21784,D,6,HO,210,
3908,1,233,53,11,,,N,232,64,3.9,3.6,,25256,A,6,XX,,147
3909,1,233,138,,143,,P,232,70,4.4,3.2,,26918,B,6,HO,407,
3910,1,232,159,,122,,P,231,52,4.5,3.8,,22074,D,6,HO,129,
3911,1,232,7,15,276,,,231,68,3.9,3.1,,27505,A,6,XX,,365
3912,1,231,159,,122,,P,230,80,4.7,3.1,,28331,B,6,HO,195,
3913,1,231,92,,189,,P,230,68,4.7,3.7,,25410,C,6,HO,211,
3914,1,230,73,,208,,P,229,72,3.3,3.3,,24693,C,6,HO,211,
3915,1,230,160,,131,,P,229,40,7.3,2.8,,22268,C,6,BS,22,
3916,1,230,134,,149,,P,229,52,4.9,3.6,,22300,B,6,XX,77,
3917,1,228,152,,129,,P,227,58,3.1,3,,22293,D,6,HO,388,
3918,1,227,124,,157,,P,226,64,3.9,3.3,,23000,D,6,HO,145,
3919,1,226,152,,129,,P,225,56,5.3,3.8,,21688,D,6,HO,189,
3920,1,224,12,10,269,,,223,84,3.5,3.5,,32344,A,6,HO,313,
3921,1,223,111,,170,,P,222,64,3,3.9,,23767,C,6,HO,242,
3922,1,222,152,,129,,P,221,68,4.1,3.2,,27280,B,6,HO,243,
3923,1,220,145,,136,,P,219,88,4.2,3.3,,30165,A,6,HO,289,
3924,1,218,145,,136,,P,217,66,3.2,2.9,,27141,C,6,HO,283,
3925,1,218,78,,203,,P,217,92,4.2,3.4,,31733,A,6,HO,259,
3926,1,217,22,0,259,,,216,72,3.6,3.4,,29431,B,6,HO,292,
3927,1,215,145,,136,,P,214,56,4.4,3.1,,25519,C,6,HO,260,
3928,1,212,138,,145,,P,211,80,4,3.3,,34913,A,6,XX,,304
3929,1,211,138,,143,,P,210,64,2.9,2.8,,24695,D,6,HO,270,
3930,1,210,16,6,265,,,209,62,3.5,3.3,,24241,D,6,HO,-23,
3931,1,210,59,,222,,P,209,88,2.9,3.1,,28206,C,6,HO,208,
3932,1,208,138,,143,,P,207,60,3.3,3,,23459,D,6,HO,62,
3933,1,206,131,,149,,P,205,56,3.6,3.1,,20784,C,6,JE,271,
3934,1,205,67,,214,,P,204,46,3.2,3.3,,23844,C,6,HO,315,
3935,1,206,46,,235,,P,205,92,4.1,3.9,,28797,C,6,HO,181,
3936,1,205,12,10,269,,,204,80,4.7,3.7,,29093,A,6,HO,207,
3937,1,205,63,,218,,P,204,40,3.6,3.4,,17462,E,6,HO,196,
3938,1,204,5,17,278,,,203,72,4.3,3.3,,25420,A,6,XX,,111
3939,1,203,46,,235,,P,202,68,3.6,2.9,,26502,C,6,HO,,152
3940,1,203,112,,168,,P,202,48,4.4,3.5,,24680,A,6,JE,217,
3941,1,203,50,,231,,P,202,46,4.6,3.6,,18971,E,6,HO,180,
3942,1,203,112,,169,,P,202,68,4.4,3.1,,26759,B,6,HO,291,
3943,1,202,131,,150,,P,201,46,3,3.1,,20936,E,6,HO,,232
3944,1,201,70,,211,,P,200,110,3,3.1,,30543,B,6,HO,233,
3945,1,201,107,,174,,P,200,70,3.5,3.1,,21119,D,6,HO,172,
3947,1,198,109,,172,,P,197,64,4.2,3.1,,23441,D,6,HO,181,
3948,1,198,2,20,279,,,197,44,3.9,3.5,,17642,E,6,HO,66,
3949,1,198,36,7,245,,,197,64,3.5,3.1,,24378,C,6,HO,140,
3950,1,197,68,,212,,P,196,36,4.4,3.5,,16675,D,6,JE,,111
3951,1,196,34,9,247,,,195,66,4.2,3.5,,28655,A,6,HO,194,
3953,1,194,103,,178,,P,193,50,4.1,3.1,,18358,E,6,HO,181,
3954,1,194,124,,157,,P,193,80,4.2,3.4,,24798,C,6,HO,264,
3955,1,191,12,10,269,,,190,84,3.7,3,,32551,A,6,HO,199,
3956,1,191,82,,199,,P,190,90.4,4.3,3.6,,29175,B,6,HO,233,
3957,1,191,99,,182,,P,190,42,5.2,3.1,,16037,E,6,HO,185,
3958,1,190,117,,164,,P,189,60,4.3,3.3,,25520,B,6,HO,,8
3960,1,185,110,,171,,P,184,60,4.5,3.6,,23447,C,6,HO,199,
3961,1,185,9,13,272,,,184,92,3.2,3.1,,32195,A,6,HO,357,
3962,1,184,12,10,271,,,183,60,3.8,3.4,,24291,A,6,XX,209,
3963,1,184,12,10,269,,,183,72,3.7,3.2,,27644,B,6,HO,,110
3964,1,182,74,,207,,P,181,62,3.8,3.5,,28836,A,6,HO,282,
3965,1,179,82,,199,,P,178,36,3.7,3.2,,17073,E,6,HO,70,
3966,1,178,103,,178,,P,177,68,3.7,3.2,,26397,B,6,HO,197,
3967,1,177,103,,178,,P,176,76,5.1,4,,28447,A,6,HO,249,
3968,1,177,50,,231,,P,176,68,2.8,3.2,,26452,C,6,HO,-125,
3969,1,173,59,,222,,P,172,72,3.9,3.3,,22800,C,6,HO,330,
3970,1,172,77,,204,,P,171,64,3.3,2.9,,26313,C,6,HO,,461
3971,1,172,40,3,241,,,171,72,3.9,3,,24365,C,6,HO,122,
3972,1,169,82,,199,,P,168,50,4.5,3.7,,19376,D,6,HO,181,
3973,1,169,37,6,244,,,168,60,3.2,2.8,,25393,C,6,HO,238,
3974,1,168,83,,198,,P,167,76,3,3.1,,30142,B,6,HO,305,
3976,1,166,82,,199,,P,165,64,3.3,3.2,,29156,A,6,HO,,275
3977,1,164,89,,192,,P,163,82,3,2.9,,26630,C,6,HO,,243
3978,1,163,63,,218,,P,162,72,3.7,3.1,,25398,C,6,HO,,206
3979,1,162,89,,192,,P,161,64,4.5,3.3,,22913,C,6,HO,,259
3980,1,162,82,,199,,P,161,44,3.6,2.8,,18694,E,6,HO,,102
3981,1,161,70,,211,,P,160,76,3.8,3.6,,30023,A,6,HO,101,
3982,1,161,89,,192,,P,160,68,4.2,3.9,,26867,B,6,HO,,133
3983,1,159,66,,215,,P,158,70,3.6,2.9,,25444,C,6,HO,,102
3984,1,159,70,,210,,P,158,52,3.9,2.9,,24554,A,6,JE,,116
3985,1,157,26,17,255,,,156,80,2.7,3.2,,27925,C,6,HO,,196
3986,1,156,82,,199,,P,155,64,3.5,3.6,,27429,B,6,HO,,38
3987,1,155,60,,221,,P,154,80,3.8,3.3,,26878,B,6,HO,,376
3988,1,155,82,,199,,P,154,64,3.6,2.9,,22977,D,6,HO,,294
3989,1,154,83,,198,,P,153,70,4,4.1,,24591,C,6,HO,,354
3990,1,155,63,,218,,P,154,72,3.7,3.2,,25853,C,6,HO,,396
3991,1,154,82,,199,,P,153,54,3.6,3.1,,23951,D,6,HO,,388
3992,1,152,8,14,273,,,151,72,3.5,3.1,,22989,D,6,HO,,119
3993,1,151,19,3,262,,,150,60,5.4,3.8,,24933,B,6,HO,,294
3994,1,150,75,,206,,P,149,88,4,3.3,,29439,A,6,HO,,152
3995,1,149,49,,232,,P,148,74,2,3,,24858,D,6,HO,,303
3996,1,147,10,12,271,,,146,64,4.3,3.6,,25081,C,6,HO,,171
3997,1,147,19,3,262,,,146,92,3.8,3.3,,27624,B,6,HO,,415
3998,1,146,75,,206,,P,145,80,3.3,2.8,,22634,D,6,HO,15,
3999,1,142,47,,234,,P,141,68,3.7,3.5,,25175,C,6,HO,,307
4001,1,139,48,,233,,P,138,66,3.7,2.9,,25658,B,6,HO,,372
4003,1,138,17,5,264,,,137,82,3,3.1,,25151,C,6,HO,,259
4004,1,133,62,,219,,P,132,74,3.8,2.8,,24426,C,6,HO,,300
4005,1,130,31,12,250,,,129,76,4.2,3.1,,25430,B,6,HO,,188
4006,1,129,54,,227,,P,128,66,3.1,3.1,,26721,C,6,HO,,219
4007,1,130,30,13,251,,,129,76,4,3.6,,29083,B,6,HO,,206
4008,1,128,54,,226,,P,127,66,3.6,3.2,,22948,B,6,JE,,212
4009,1,125,54,,227,,P,124,72,3.3,2.9,,25388,C,6,HO,,317
4010,1,124,55,,226,,P,123,68,3.9,3.5,,25607,B,6,HO,,157
4011,1,123,28,15,253,,,122,60,3.2,3.2,,22252,D,6,HO,,239
4012,1,123,47,,234,,P,122,68,3.4,2.6,,25676,C,6,HO,,185
4013,1,121,47,,234,,P,120,72,3.3,2.9,,28279,B,6,HO,,236
4014,1,121,47,,234,,P,120,72,4.2,3.8,,28165,B,6,HO,,265
4015,1,120,17,5,266,,,119,32,3.5,3.1,,16682,E,6,XX,,54
4016,1,119,47,,234,,P,118,100,3.1,2.7,,35729,A,6,HO,,325
4017,1,118,29,14,252,,,117,76,4.1,2.8,,26580,B,6,HO,,200
4018,1,117,48,,233,,P,116,72,8.4,3.5,,27555,A,6,HO,-30,
4019,1,116,45,,236,,P,115,76,3.6,3,,28101,B,6,HO,,112
4020,1,115,40,3,241,,,114,64,4.5,3.3,,26561,B,6,HO,,294
4021,1,115,40,3,241,,,114,56,4,3.1,,24340,C,6,HO,,233
4022,1,113,40,3,241,,,112,52,3.9,3,,21835,D,6,HO,,144
4023,1,113,40,3,241,,,112,66,3.6,3,,23952,C,6,HO,,327
4024,1,111,40,3,243,,,110,68,2.8,3.1,,26752,A,6,XX,,84
4025,1,109,14,8,267,,,108,84,3.6,3.3,,27873,B,6,HO,,437
4026,1,108,9,13,272,,,107,68,4.1,3.3,,23904,C,6,HO,,275
4027,1,108,34,9,247,,,107,72,3.7,3.1,,25599,C,6,HO,,10
4028,1,106,33,10,248,,,105,76,2.9,3.7,,26258,C,6,HO,,312
4029,1,105,33,10,248,,,104,66,3.6,3.1,,25904,C,6,HO,,452
4030,1,105,33,10,248,,,104,60,3.5,3,,22045,D,6,HO,,324
4031,1,105,13,9,268,,,104,94,3.7,2.9,,23591,C,6,HO,,216
4032,1,100,28,15,253,,,99,76,3.8,3.3,,27420,B,6,HO,,198
4033,1,99,26,17,255,,,98,80,3,2.7,,26402,C,6,HO,26,
4034,1,96,2,20,279,,,95,60,4,3.2,,22243,D,6,HO,,212
4035,1,95,19,3,262,,,94,80,3.5,2.8,,25723,C,6,HO,,189
4036,1,94,19,3,262,,,93,68,4.1,3.1,,30861,A,6,HO,,170
4037,1,92,19,3,264,,,91,68,3.9,3.1,,32121,A,6,XX,,84
4038,1,91,21,1,260,,,90,76,4.1,3.6,,24590,C,6,HO,,294
4039,1,90,19,3,262,,,89,78,3.3,2.8,,26656,C,6,HO,,238
4040,1,89,19,3,262,,,88,72,3.5,3,,25822,C,6,HO,,127
4041,1,88,13,9,268,,,87,60,2.5,3.3,,27446,C,6,HO,,184
4042,1,87,12,10,269,,,86,80,3.3,2.8,,23899,D,6,HO,,234
4044,1,85,12,10,269,,,84,88,4.6,2.8,,27552,A,6,HO,,85
4045,1,85,12,10,271,,,84,80,3.5,2.8,,27316,A,6,XX,,127
4046,1,86,12,10,269,,,85,80,3.2,2.7,,24902,C,6,HO,,197
4047,1,83,12,10,269,,,82,60,2.8,2.7,,32626,A,6,HO,,294
4048,1,83,12,10,269,,,82,72,3.7,3.3,,23065,D,6,HO,,75
4049,1,82,12,10,269,,,81,80,3.2,3,,26517,C,6,HO,,448
4050,1,82,12,10,269,,,81,90,2.9,2.6,,27909,C,6,HO,,214
4051,1,82,12,10,269,,,81,88,4.4,3,,26951,B,6,HO,,144
4052,1,81,5,17,276,,,80,51.8,3.5,2.8,,24770,C,6,HO,,160
4053,1,81,5,17,275,,,80,52,4.4,3.1,,18755,B,6,JE,,159
4054,1,80,5,17,276,,,79,74,5.2,3.3,,21125,C,6,HO,,203
4055,1,79,5,17,278,,,78,64,3.7,3.1,,18927,D,6,XX,,119
4056,1,79,5,17,276,,,78,90,3.8,3,,26090,B,6,HO,,248
4057,1,77,5,17,276,,,76,74,3.6,3.2,,26922,B,6,HO,,250
4058,1,76,5,17,276,,,75,64,3.2,3.1,,23422,D,6,HO,,255
4059,1,76,5,17,276,,,75,60,3.1,3,,24368,C,6,HO,,333
4060,1,75,5,17,276,,,74,80,3.7,3.3,,28449,B,6,HO,,377
4061,1,73,,,,,,72,80,3.9,3.1,,20781,C,6,XX,,355
4062,1,73,,,,,,72,76,3.5,2.7,,23435,D,6,HO,,180
4063,1,73,,,,,,72,36,4.1,3.8,,17685,E,6,HO,,99
4064,1,72,,,,,,71,84,4.3,3.3,,25377,B,6,HO,,166
4065,1,72,,,,,,71,76,4.6,3.7,,25937,B,6,HO,,163
4066,1,70,,,,,,69,54,2.3,2.9,,20196,C,6,JE,,127
4067,1,71,,,,,,70,68,4.3,3.4,,23296,C,6,HO,,147
4068,1,70,,,,,,69,68,4.3,3.2,,32242,A,6,HO,,265
4069,1,69,,,,,,68,60,4,3.3,,18542,E,6,HO,,342
4070,1,67,,,,,,66,80,3.8,2.9,,25745,C,6,HO,,263
4071,1,67,,,,,,66,80,4.9,3.7,,26019,B,6,HO,,52
4072,1,66,,,,,,65,68,6,3.3,,25259,A,6,HO,,60
4073,1,64,,,,,,63,64,4.2,3.2,,24357,C,6,HO,,244
4074,1,63,,,,,,62,60,3.7,3.2,,21428,B,6,JE,,175
4075,1,63,,,,,,62,68,3.3,3,,25777,C,6,HO,,297
4076,1,63,,,,,,62,64,5.2,3.7,,20843,D,6,HO,-586,
4077,1,61,,,,,,60,60,3.7,3.2,,,,6,HO,,203
4078,1,62,,,,,,61,72,3.7,3.1,,27485,B,6,HO,,270
4079,1,60,,,,,,59,60,3.9,3.3,,,,6,HO,,100
4080,1,59,,,,,,58,80,4.2,3.4,,,,6,HO,,294
4081,1,57,,,,,,56,66,3.9,2.9,,,,6,HO,,71
4082,1,55,,,,,,54,80,4.1,3,,,,6,HO,,474
4083,1,54,,,,,,53,74,4.3,2.8,,,,6,HO,,84
4084,1,55,,,,,,54,64,3.3,2.7,,,,6,HO,,432
4085,1,53,,,,,,52,60,3.9,3.2,,,,6,HO,,476
4086,1,53,,,,,,52,46,4.2,3,,,,6,HO,,223
4087,1,51,,,,,,50,52,3.5,2.8,,,,6,HO,,179
4088,1,51,,,,,,50,78,4.9,3,,,,6,HO,,262
4089,1,50,,,,,,49,54,,,,,,6,XX,,242
4090,1,49,,,,,,48,66,4.2,3,,,,6,XX,,220
4091,1,49,,,,,,48,72,3.9,3.3,,,,6,HO,,181
4092,1,49,,,,,,48,64,4,2.7,,,,6,HO,,194
4093,1,49,,,,,,48,70,4.7,2.9,,,,6,HO,,357
4094,1,48,,,,,,47,74,4.1,3.2,,,,6,HO,,31
4095,1,46,,,,,,45,48,4.4,3.3,,,,6,HO,,217
4096,1,45,,,,,,44,52,3.8,3.1,,,,6,HO,,290
4097,1,43,,,,,,42,76,3.3,2.8,,,,6,HO,,182
4098,1,43,,,,,,42,52,,,,,,6,HO,,146
4099,1,42,,,,,,41,70,4.5,3.1,,,,6,HO,,156
4100,1,42,,,,,,41,70,4.4,3.4,,,,6,HO,,181
4101,1,40,,,,,,39,64,5.3,3.2,,,,6,HO,,201
4102,1,39,,,,,,38,64,5.2,3.3,,,,6,HO,,216
4103,1,39,,,,,,38,64,3.7,3.6,,,,6,HO,,158
4104,1,38,,,,,,37,72,4.3,3.6,,,,6,HO,,297
4105,1,37,,,,,,36,72,3.9,3.4,,,,6,HO,,457
4106,1,36,,,,,,35,76,3.9,3.6,,,,6,HO,,211
4107,1,36,,,,,,35,64,4.6,3.8,,,,6,HO,,358
4108,1,34,,,,,,33,58,5.2,4.1,,,,6,HO,,257
4109,1,33,,,,,,32,58,,,,,,6,JE,,157
4110,1,33,,,,,,32,72,,,,,,6,HO,,191
4111,1,32,,,,,,31,86,,,,,,6,XX,,250
4112,1,31,,,,,,30,80,,,,,,6,HO,,395
4113,1,28,,,,,,27,72,,,,,,6,HO,,389
4114,1,27,,,,,,26,80,,,,,,6,HO,,294
4115,1,27,,,,,,26,54,,,,,,6,HO,,266
4116,1,26,,,,,,25,56,,,,,,6,HO,,117
4117,1,23,,,,,,22,66,,,,,,6,HO,,145
4118,1,23,,,,,,22,76,,,,,,6,HO,,-20
4119,1,22,,,,,,21,36,,,,,,6,HO,,256
4120,1,22,,,,,,21,56,,,,,,6,HO,,235
4121,1,21,,,,,,20,60,,,,,,6,HO,,134
4122,1,21,,,,,,20,68,,,,,,6,HO,,389
4123,1,20,,,,,,19,76,,,,,,6,HO,,443
4124,1,19,,,,,,18,,,,,,,6,HO,,250
4125,1,18,,,,,,17,56,,,,,,6,HO,,425
4126,1,18,,,,,,17,64,,,,,,6,HO,,270
4127,1,17,,,,,,16,62,,,,,,6,HO,,328
4128,1,15,,,,,,14,52,,,,,,6,HO,,224
4129,1,15,,,,,,14,60,,,,,,6,HO,,52
4130,1,15,,,,,,14,28,,,,,,6,HO,,73
4131,1,14,,,,,,13,68,,,,,,6,HO,,172
4132,1,14,,,,,,13,60,,,,,,6,HO,,261
4133,1,14,,,,,,13,62,,,,,,6,HO,,130
4134,1,13,,,,,,12,72,,,,,,6,HO,,186
4135,1,13,,,,,,12,46,,,,,,6,HO,,221
4136,1,13,,,,,,12,56,,,,,,6,XX,,214
4137,1,13,,,,,,12,68,,,,,,6,JE,,201
4138,1,12,,,,,,11,56,,,,,,6,HO,,402
4139,1,11,,,,,,10,48,,,,,,6,HO,,119
4140,1,9,,,,,,8,50,,,,,,6,HO,,274
4142,1,8,,,,,,7,46,,,,,,6,HO,,202
4143,1,8,,,,,,7,52,,,,,,6,HO,,203
4144,1,8,,,,,,7,52,,,,,,6,HO,,184
4145,1,7,,,,,,6,52,,,,,,6,HO,,468
4146,1,5,,,,,,4,34,,,,,,6,HO,,163
4147,1,5,,,,,,4,44,,,,,,6,HO,,112
